Using pre-set license
Built from '2020.3/staging' branch; Version is '2020.3.22f1 (e1a7f79fd887) revision 14788599'; Using compiler version '192528614'; Build Type 'Release'
OS: 'Windows 10 Home; OS build 19045.6466; Version 2009; 64bit' Language: 'en' Physical Memory: 16239 MB
BatchMode: 1, IsHumanControllingUs: 0, StartBugReporterOnCrash: 0, Is64bit: 1, IsPro: 0

COMMAND LINE ARGUMENTS:
D:\Editor\2020.3.22f1\Editor\Unity.exe
-adb2
-batchMode
-noUpm
-name
AssetImportWorker0
-projectPath
D:/unity_projects/Sem_proj/gp assign
-logFile
Logs/AssetImportWorker0.log
-srvPort
61426
Successfully changed project path to: D:/unity_projects/Sem_proj/gp assign
D:/unity_projects/Sem_proj/gp assign
Using Asset Import Pipeline V2.
Refreshing native plugins compatible for Editor in 61.28 ms, found 3 plugins.
Preloading 0 native plugins for Editor in 0.01 ms.
Initialize engine version: 2020.3.22f1 (e1a7f79fd887)
[Subsystems] Discovering subsystems at path D:/Editor/2020.3.22f1/Editor/Data/Resources/UnitySubsystems
[Subsystems] Discovering subsystems at path D:/unity_projects/Sem_proj/gp assign/Assets
GfxDevice: creating device client; threaded=0
Direct3D:
    Version:  Direct3D 11.0 [level 11.1]
    Renderer: AMD Radeon RX590 GME (ID=0x6fdf)
    Vendor:   
    VRAM:     8135 MB
    Driver:   31.0.21923.11000
Initialize mono
Mono path[0] = 'D:/Editor/2020.3.22f1/Editor/Data/Managed'
Mono path[1] = 'D:/Editor/2020.3.22f1/Editor/Data/MonoBleedingEdge/lib/mono/unityjit'
Mono config path = 'D:/Editor/2020.3.22f1/Editor/Data/MonoBleedingEdge/etc'
Using monoOptions --debugger-agent=transport=dt_socket,embedding=1,server=y,suspend=n,address=127.0.0.1:56204
Begin MonoManager ReloadAssembly
Registering precompiled unity dll's ...
Register platform support module: D:/Editor/2020.3.22f1/Editor/Data/PlaybackEngines/WindowsStandaloneSupport/UnityEditor.WindowsStandalone.Extensions.dll
Registered in 0.001620 seconds.
Native extension for WindowsStandalone target not found
Refreshing native plugins compatible for Editor in 58.43 ms, found 3 plugins.
Preloading 0 native plugins for Editor in 0.00 ms.
Mono: successfully reloaded assembly
- Completed reload, in  2.425 seconds
Domain Reload Profiling:
	ReloadAssembly (2426ms)
		BeginReloadAssembly (210ms)
			ExecutionOrderSort (0ms)
			DisableScriptedObjects (0ms)
			BackupInstance (0ms)
			ReleaseScriptingObjects (0ms)
			CreateAndSetChildDomain (5ms)
		EndReloadAssembly (1468ms)
			LoadAssemblies (205ms)
			RebuildTransferFunctionScriptingTraits (0ms)
			SetupTypeCache (220ms)
			ReleaseScriptCaches (0ms)
			RebuildScriptCaches (47ms)
			SetupLoadedEditorAssemblies (756ms)
				LogAssemblyErrors (0ms)
				InitializePlatformSupportModulesInManaged (24ms)
				SetLoadedEditorAssemblies (2ms)
				RefreshPlugins (59ms)
				BeforeProcessingInitializeOnLoad (85ms)
				ProcessInitializeOnLoadAttributes (440ms)
				ProcessInitializeOnLoadMethodAttributes (145ms)
				AfterProcessingInitializeOnLoad (0ms)
				EditorAssembliesLoaded (1ms)
			ExecutionOrderSort2 (0ms)
			AwakeInstancesAfterBackupRestoration (0ms)
Platform modules already initialized, skipping
Registering precompiled user dll's ...
Registered in 0.006884 seconds.
Begin MonoManager ReloadAssembly
Native extension for WindowsStandalone target not found
Refreshing native plugins compatible for Editor in 72.60 ms, found 3 plugins.
Preloading 0 native plugins for Editor in 0.00 ms.
Mono: successfully reloaded assembly
- Completed reload, in  4.280 seconds
Domain Reload Profiling:
	ReloadAssembly (4286ms)
		BeginReloadAssembly (704ms)
			ExecutionOrderSort (0ms)
			DisableScriptedObjects (31ms)
			BackupInstance (0ms)
			ReleaseScriptingObjects (0ms)
			CreateAndSetChildDomain (50ms)
		EndReloadAssembly (3421ms)
			LoadAssemblies (630ms)
			RebuildTransferFunctionScriptingTraits (0ms)
			SetupTypeCache (657ms)
			ReleaseScriptCaches (1ms)
			RebuildScriptCaches (76ms)
			SetupLoadedEditorAssemblies (1823ms)
				LogAssemblyErrors (0ms)
				InitializePlatformSupportModulesInManaged (32ms)
				SetLoadedEditorAssemblies (1ms)
				RefreshPlugins (73ms)
				BeforeProcessingInitializeOnLoad (301ms)
				ProcessInitializeOnLoadAttributes (1315ms)
				ProcessInitializeOnLoadMethodAttributes (97ms)
				AfterProcessingInitializeOnLoad (4ms)
				EditorAssembliesLoaded (1ms)
			ExecutionOrderSort2 (0ms)
			AwakeInstancesAfterBackupRestoration (41ms)
Platform modules already initialized, skipping
========================================================================
Worker process is ready to serve import requests
Launched and connected shader compiler UnityShaderCompiler.exe after 0.12 seconds
Refreshing native plugins compatible for Editor in 0.68 ms, found 3 plugins.
Preloading 0 native plugins for Editor in 0.00 ms.
Unloading 2233 Unused Serialized files (Serialized files now loaded: 0)
System memory in use before: 98.8 MB.
System memory in use after: 98.8 MB.

Unloading 28 unused Assets to reduce memory usage. Loaded Objects now: 2668.
Total: 6.267667 ms (FindLiveObjects: 0.228875 ms CreateObjectMapping: 0.117208 ms MarkObjects: 5.787458 ms  DeleteObjects: 0.110958 ms)

AssetImportParameters requested are different than current active one (requested -> active):
  custom:framework-win-MediaFoundation: 216162199b28c13a410421893ffa2e32 -> 
  custom:video-decoder-ogg-theora: a1e56fd34408186e4bbccfd4996cb3dc -> 
  custom:container-muxer-webm: aa71ff27fc2769a1b78a27578f13a17b -> 
  custom:container-demuxer-webm: 4f35f7cbe854078d1ac9338744f61a02 -> 
  custom:container-demuxer-ogg: 62fdf1f143b41e24485cea50d1cbac27 -> 
  custom:video-encoder-webm-vp8: eb34c28f22e8b96e1ab97ce403110664 -> 
  custom:video-decoder-webm-vp8: 9c59270c3fd7afecdb556c50c9e8de78 -> 
  custom:audio-decoder-ogg-vorbis: bf7c407c2cedff20999df2af8eb42d56 -> 
  custom:audio-encoder-webm-vorbis: bf7c407c2cedff20999df2af8eb42d56 -> 
========================================================================
Received Import Request.
  path: Assets/Prefabs
  artifactKey: Guid(71d7f6b55c43d224f93833d6dc6e0ec0) Importer(815301076,1909f56bfc062723c751e8b465ee728b)
Start importing Assets/Prefabs using Guid(71d7f6b55c43d224f93833d6dc6e0ec0) Importer(815301076,1909f56bfc062723c751e8b465ee728b)  -> (artifact id: '851cb6329bcc5750554a2ee0ae7569f5') in 0.018172 seconds 
  Import took 0.022702 seconds .

========================================================================
Received Import Request.
  Time since last request: 239.367213 seconds.
  path: Assets/scripts/Player.cs
  artifactKey: Guid(9f2c7ccd75967b34eb7f3054d3d172ab) Importer(815301076,1909f56bfc062723c751e8b465ee728b)
Start importing Assets/scripts/Player.cs using Guid(9f2c7ccd75967b34eb7f3054d3d172ab) Importer(815301076,1909f56bfc062723c751e8b465ee728b)  -> (artifact id: '0b1d5dfdb32b150c4ef49a8120c918c7') in 0.133916 seconds 
  Import took 0.140369 seconds .

========================================================================
Received Prepare
Registering precompiled user dll's ...
Registered in 0.008976 seconds.
Begin MonoManager ReloadAssembly
Native extension for WindowsStandalone target not found
Refreshing native plugins compatible for Editor in 0.58 ms, found 3 plugins.
Preloading 0 native plugins for Editor in 0.00 ms.
Mono: successfully reloaded assembly
- Completed reload, in  8.070 seconds
Domain Reload Profiling:
	ReloadAssembly (8073ms)
		BeginReloadAssembly (677ms)
			ExecutionOrderSort (0ms)
			DisableScriptedObjects (80ms)
			BackupInstance (0ms)
			ReleaseScriptingObjects (0ms)
			CreateAndSetChildDomain (131ms)
		EndReloadAssembly (4281ms)
			LoadAssemblies (752ms)
			RebuildTransferFunctionScriptingTraits (0ms)
			SetupTypeCache (658ms)
			ReleaseScriptCaches (1ms)
			RebuildScriptCaches (63ms)
			SetupLoadedEditorAssemblies (2085ms)
				LogAssemblyErrors (0ms)
				InitializePlatformSupportModulesInManaged (66ms)
				SetLoadedEditorAssemblies (3ms)
				RefreshPlugins (1ms)
				BeforeProcessingInitializeOnLoad (361ms)
				ProcessInitializeOnLoadAttributes (1586ms)
				ProcessInitializeOnLoadMethodAttributes (63ms)
				AfterProcessingInitializeOnLoad (3ms)
				EditorAssembliesLoaded (2ms)
			ExecutionOrderSort2 (0ms)
			AwakeInstancesAfterBackupRestoration (48ms)
Platform modules already initialized, skipping
Refreshing native plugins compatible for Editor in 2.08 ms, found 3 plugins.
Preloading 0 native plugins for Editor in 0.00 ms.
Unloading 2209 Unused Serialized files (Serialized files now loaded: 0)
System memory in use before: 96.9 MB.
System memory in use after: 97.0 MB.

Unloading 17 unused Assets to reduce memory usage. Loaded Objects now: 2670.
Total: 4.552167 ms (FindLiveObjects: 0.348917 ms CreateObjectMapping: 0.159250 ms MarkObjects: 3.968542 ms  DeleteObjects: 0.034708 ms)

AssetImportParameters requested are different than current active one (requested -> active):
  custom:framework-win-MediaFoundation: 216162199b28c13a410421893ffa2e32 -> 
  custom:video-decoder-ogg-theora: a1e56fd34408186e4bbccfd4996cb3dc -> 
  custom:container-muxer-webm: aa71ff27fc2769a1b78a27578f13a17b -> 
  custom:container-demuxer-webm: 4f35f7cbe854078d1ac9338744f61a02 -> 
  custom:container-demuxer-ogg: 62fdf1f143b41e24485cea50d1cbac27 -> 
  custom:video-encoder-webm-vp8: eb34c28f22e8b96e1ab97ce403110664 -> 
  custom:video-decoder-webm-vp8: 9c59270c3fd7afecdb556c50c9e8de78 -> 
  custom:audio-decoder-ogg-vorbis: bf7c407c2cedff20999df2af8eb42d56 -> 
  custom:audio-encoder-webm-vorbis: bf7c407c2cedff20999df2af8eb42d56 -> 
========================================================================
Received Import Request.
  Time since last request: 36.202548 seconds.
  path: Assets/scripts/Enemysimple.cs
  artifactKey: Guid(22035c28b14e6fb4d852a4a1eeb22567) Importer(815301076,1909f56bfc062723c751e8b465ee728b)
Start importing Assets/scripts/Enemysimple.cs using Guid(22035c28b14e6fb4d852a4a1eeb22567) Importer(815301076,1909f56bfc062723c751e8b465ee728b)  -> (artifact id: '35f8cbdbb6996a06bb0589a06e744708') in 0.272955 seconds 
  Import took 0.378917 seconds .

========================================================================
Received Prepare
Registering precompiled user dll's ...
Registered in 0.004388 seconds.
Begin MonoManager ReloadAssembly
Native extension for WindowsStandalone target not found
Refreshing native plugins compatible for Editor in 0.52 ms, found 3 plugins.
Preloading 0 native plugins for Editor in 0.00 ms.
Mono: successfully reloaded assembly
- Completed reload, in  3.855 seconds
Domain Reload Profiling:
	ReloadAssembly (3858ms)
		BeginReloadAssembly (668ms)
			ExecutionOrderSort (0ms)
			DisableScriptedObjects (54ms)
			BackupInstance (0ms)
			ReleaseScriptingObjects (0ms)
			CreateAndSetChildDomain (114ms)
		EndReloadAssembly (3032ms)
			LoadAssemblies (446ms)
			RebuildTransferFunctionScriptingTraits (0ms)
			SetupTypeCache (472ms)
			ReleaseScriptCaches (2ms)
			RebuildScriptCaches (149ms)
			SetupLoadedEditorAssemblies (1699ms)
				LogAssemblyErrors (0ms)
				InitializePlatformSupportModulesInManaged (29ms)
				SetLoadedEditorAssemblies (2ms)
				RefreshPlugins (1ms)
				BeforeProcessingInitializeOnLoad (333ms)
				ProcessInitializeOnLoadAttributes (1272ms)
				ProcessInitializeOnLoadMethodAttributes (59ms)
				AfterProcessingInitializeOnLoad (3ms)
				EditorAssembliesLoaded (1ms)
			ExecutionOrderSort2 (0ms)
			AwakeInstancesAfterBackupRestoration (49ms)
Platform modules already initialized, skipping
Refreshing native plugins compatible for Editor in 0.79 ms, found 3 plugins.
Preloading 0 native plugins for Editor in 0.01 ms.
Unloading 2210 Unused Serialized files (Serialized files now loaded: 0)
System memory in use before: 97.0 MB.
System memory in use after: 97.1 MB.

Unloading 17 unused Assets to reduce memory usage. Loaded Objects now: 2673.
Total: 4.053083 ms (FindLiveObjects: 0.296500 ms CreateObjectMapping: 0.194750 ms MarkObjects: 3.482375 ms  DeleteObjects: 0.047375 ms)

AssetImportParameters requested are different than current active one (requested -> active):
  custom:framework-win-MediaFoundation: 216162199b28c13a410421893ffa2e32 -> 
  custom:video-decoder-ogg-theora: a1e56fd34408186e4bbccfd4996cb3dc -> 
  custom:container-muxer-webm: aa71ff27fc2769a1b78a27578f13a17b -> 
  custom:container-demuxer-webm: 4f35f7cbe854078d1ac9338744f61a02 -> 
  custom:container-demuxer-ogg: 62fdf1f143b41e24485cea50d1cbac27 -> 
  custom:video-encoder-webm-vp8: eb34c28f22e8b96e1ab97ce403110664 -> 
  custom:video-decoder-webm-vp8: 9c59270c3fd7afecdb556c50c9e8de78 -> 
  custom:audio-decoder-ogg-vorbis: bf7c407c2cedff20999df2af8eb42d56 -> 
  custom:audio-encoder-webm-vorbis: bf7c407c2cedff20999df2af8eb42d56 -> 
========================================================================
Received Import Request.
  Time since last request: 39.379650 seconds.
  path: Assets/scripts/Enemysimple.cs
  artifactKey: Guid(22035c28b14e6fb4d852a4a1eeb22567) Importer(815301076,1909f56bfc062723c751e8b465ee728b)
Start importing Assets/scripts/Enemysimple.cs using Guid(22035c28b14e6fb4d852a4a1eeb22567) Importer(815301076,1909f56bfc062723c751e8b465ee728b)  -> (artifact id: 'e8e91caecf9dcce8e4345006aba50c57') in 0.013523 seconds 
  Import took 0.018676 seconds .

========================================================================
Received Prepare
Registering precompiled user dll's ...
Registered in 0.004184 seconds.
Begin MonoManager ReloadAssembly
Native extension for WindowsStandalone target not found
Refreshing native plugins compatible for Editor in 0.54 ms, found 3 plugins.
Preloading 0 native plugins for Editor in 0.00 ms.
Mono: successfully reloaded assembly
- Completed reload, in  3.688 seconds
Domain Reload Profiling:
	ReloadAssembly (3689ms)
		BeginReloadAssembly (519ms)
			ExecutionOrderSort (0ms)
			DisableScriptedObjects (48ms)
			BackupInstance (0ms)
			ReleaseScriptingObjects (0ms)
			CreateAndSetChildDomain (99ms)
		EndReloadAssembly (3008ms)
			LoadAssemblies (490ms)
			RebuildTransferFunctionScriptingTraits (0ms)
			SetupTypeCache (457ms)
			ReleaseScriptCaches (1ms)
			RebuildScriptCaches (64ms)
			SetupLoadedEditorAssemblies (1670ms)
				LogAssemblyErrors (0ms)
				InitializePlatformSupportModulesInManaged (98ms)
				SetLoadedEditorAssemblies (2ms)
				RefreshPlugins (1ms)
				BeforeProcessingInitializeOnLoad (266ms)
				ProcessInitializeOnLoadAttributes (1241ms)
				ProcessInitializeOnLoadMethodAttributes (59ms)
				AfterProcessingInitializeOnLoad (3ms)
				EditorAssembliesLoaded (1ms)
			ExecutionOrderSort2 (0ms)
			AwakeInstancesAfterBackupRestoration (56ms)
Platform modules already initialized, skipping
Refreshing native plugins compatible for Editor in 0.60 ms, found 3 plugins.
Preloading 0 native plugins for Editor in 0.00 ms.
Unloading 2210 Unused Serialized files (Serialized files now loaded: 0)
System memory in use before: 97.0 MB.
System memory in use after: 97.1 MB.

Unloading 17 unused Assets to reduce memory usage. Loaded Objects now: 2675.
Total: 4.134250 ms (FindLiveObjects: 0.246292 ms CreateObjectMapping: 0.174083 ms MarkObjects: 3.609667 ms  DeleteObjects: 0.054542 ms)

AssetImportParameters requested are different than current active one (requested -> active):
  custom:framework-win-MediaFoundation: 216162199b28c13a410421893ffa2e32 -> 
  custom:video-decoder-ogg-theora: a1e56fd34408186e4bbccfd4996cb3dc -> 
  custom:container-muxer-webm: aa71ff27fc2769a1b78a27578f13a17b -> 
  custom:container-demuxer-webm: 4f35f7cbe854078d1ac9338744f61a02 -> 
  custom:container-demuxer-ogg: 62fdf1f143b41e24485cea50d1cbac27 -> 
  custom:video-encoder-webm-vp8: eb34c28f22e8b96e1ab97ce403110664 -> 
  custom:video-decoder-webm-vp8: 9c59270c3fd7afecdb556c50c9e8de78 -> 
  custom:audio-decoder-ogg-vorbis: bf7c407c2cedff20999df2af8eb42d56 -> 
  custom:audio-encoder-webm-vorbis: bf7c407c2cedff20999df2af8eb42d56 -> 
========================================================================
Received Import Request.
  Time since last request: 47.441356 seconds.
  path: Assets/scripts/Enemysimple.cs
  artifactKey: Guid(22035c28b14e6fb4d852a4a1eeb22567) Importer(815301076,1909f56bfc062723c751e8b465ee728b)
Start importing Assets/scripts/Enemysimple.cs using Guid(22035c28b14e6fb4d852a4a1eeb22567) Importer(815301076,1909f56bfc062723c751e8b465ee728b)  -> (artifact id: '28f0db210dc88a5601f8a635bc11eb27') in 0.014696 seconds 
  Import took 0.019449 seconds .

========================================================================
Received Prepare
Registering precompiled user dll's ...
Registered in 0.005722 seconds.
Begin MonoManager ReloadAssembly
Native extension for WindowsStandalone target not found
Refreshing native plugins compatible for Editor in 1.13 ms, found 3 plugins.
Preloading 0 native plugins for Editor in 0.00 ms.
Mono: successfully reloaded assembly
- Completed reload, in  3.879 seconds
Domain Reload Profiling:
	ReloadAssembly (3884ms)
		BeginReloadAssembly (578ms)
			ExecutionOrderSort (0ms)
			DisableScriptedObjects (65ms)
			BackupInstance (0ms)
			ReleaseScriptingObjects (0ms)
			CreateAndSetChildDomain (97ms)
		EndReloadAssembly (3129ms)
			LoadAssemblies (535ms)
			RebuildTransferFunctionScriptingTraits (0ms)
			SetupTypeCache (414ms)
			ReleaseScriptCaches (1ms)
			RebuildScriptCaches (56ms)
			SetupLoadedEditorAssemblies (1851ms)
				LogAssemblyErrors (0ms)
				InitializePlatformSupportModulesInManaged (112ms)
				SetLoadedEditorAssemblies (7ms)
				RefreshPlugins (1ms)
				BeforeProcessingInitializeOnLoad (397ms)
				ProcessInitializeOnLoadAttributes (1231ms)
				ProcessInitializeOnLoadMethodAttributes (98ms)
				AfterProcessingInitializeOnLoad (4ms)
				EditorAssembliesLoaded (1ms)
			ExecutionOrderSort2 (0ms)
			AwakeInstancesAfterBackupRestoration (54ms)
Platform modules already initialized, skipping
Refreshing native plugins compatible for Editor in 0.75 ms, found 3 plugins.
Preloading 0 native plugins for Editor in 0.01 ms.
Unloading 2210 Unused Serialized files (Serialized files now loaded: 0)
System memory in use before: 97.0 MB.
System memory in use after: 97.1 MB.

Unloading 17 unused Assets to reduce memory usage. Loaded Objects now: 2677.
Total: 6.359250 ms (FindLiveObjects: 0.995000 ms CreateObjectMapping: 1.090375 ms MarkObjects: 3.968250 ms  DeleteObjects: 0.049792 ms)

AssetImportParameters requested are different than current active one (requested -> active):
  custom:framework-win-MediaFoundation: 216162199b28c13a410421893ffa2e32 -> 
  custom:video-decoder-ogg-theora: a1e56fd34408186e4bbccfd4996cb3dc -> 
  custom:container-muxer-webm: aa71ff27fc2769a1b78a27578f13a17b -> 
  custom:container-demuxer-webm: 4f35f7cbe854078d1ac9338744f61a02 -> 
  custom:container-demuxer-ogg: 62fdf1f143b41e24485cea50d1cbac27 -> 
  custom:video-encoder-webm-vp8: eb34c28f22e8b96e1ab97ce403110664 -> 
  custom:video-decoder-webm-vp8: 9c59270c3fd7afecdb556c50c9e8de78 -> 
  custom:audio-decoder-ogg-vorbis: bf7c407c2cedff20999df2af8eb42d56 -> 
  custom:audio-encoder-webm-vorbis: bf7c407c2cedff20999df2af8eb42d56 -> 
========================================================================
Received Prepare
Registering precompiled user dll's ...
Registered in 0.004564 seconds.
Begin MonoManager ReloadAssembly
Native extension for WindowsStandalone target not found
Refreshing native plugins compatible for Editor in 0.92 ms, found 3 plugins.
Preloading 0 native plugins for Editor in 0.01 ms.
Mono: successfully reloaded assembly
- Completed reload, in  4.464 seconds
Domain Reload Profiling:
	ReloadAssembly (4467ms)
		BeginReloadAssembly (503ms)
			ExecutionOrderSort (0ms)
			DisableScriptedObjects (45ms)
			BackupInstance (0ms)
			ReleaseScriptingObjects (0ms)
			CreateAndSetChildDomain (93ms)
		EndReloadAssembly (3755ms)
			LoadAssemblies (515ms)
			RebuildTransferFunctionScriptingTraits (0ms)
			SetupTypeCache (412ms)
			ReleaseScriptCaches (2ms)
			RebuildScriptCaches (74ms)
			SetupLoadedEditorAssemblies (2142ms)
				LogAssemblyErrors (0ms)
				InitializePlatformSupportModulesInManaged (46ms)
				SetLoadedEditorAssemblies (6ms)
				RefreshPlugins (1ms)
				BeforeProcessingInitializeOnLoad (347ms)
				ProcessInitializeOnLoadAttributes (1673ms)
				ProcessInitializeOnLoadMethodAttributes (66ms)
				AfterProcessingInitializeOnLoad (3ms)
				EditorAssembliesLoaded (1ms)
			ExecutionOrderSort2 (0ms)
			AwakeInstancesAfterBackupRestoration (71ms)
Platform modules already initialized, skipping
Refreshing native plugins compatible for Editor in 0.68 ms, found 3 plugins.
Preloading 0 native plugins for Editor in 0.00 ms.
Unloading 2210 Unused Serialized files (Serialized files now loaded: 0)
System memory in use before: 96.9 MB.
System memory in use after: 97.0 MB.

Unloading 17 unused Assets to reduce memory usage. Loaded Objects now: 2679.
Total: 7.465208 ms (FindLiveObjects: 0.324958 ms CreateObjectMapping: 0.119708 ms MarkObjects: 6.857625 ms  DeleteObjects: 0.044958 ms)

AssetImportParameters requested are different than current active one (requested -> active):
  custom:framework-win-MediaFoundation: 216162199b28c13a410421893ffa2e32 -> 
  custom:video-decoder-ogg-theora: a1e56fd34408186e4bbccfd4996cb3dc -> 
  custom:container-muxer-webm: aa71ff27fc2769a1b78a27578f13a17b -> 
  custom:container-demuxer-webm: 4f35f7cbe854078d1ac9338744f61a02 -> 
  custom:container-demuxer-ogg: 62fdf1f143b41e24485cea50d1cbac27 -> 
  custom:video-encoder-webm-vp8: eb34c28f22e8b96e1ab97ce403110664 -> 
  custom:video-decoder-webm-vp8: 9c59270c3fd7afecdb556c50c9e8de78 -> 
  custom:audio-decoder-ogg-vorbis: bf7c407c2cedff20999df2af8eb42d56 -> 
  custom:audio-encoder-webm-vorbis: bf7c407c2cedff20999df2af8eb42d56 -> 
========================================================================
Received Prepare
Registering precompiled user dll's ...
Registered in 0.007454 seconds.
Begin MonoManager ReloadAssembly
Native extension for WindowsStandalone target not found
Refreshing native plugins compatible for Editor in 0.55 ms, found 3 plugins.
Preloading 0 native plugins for Editor in 0.00 ms.
Mono: successfully reloaded assembly
- Completed reload, in  3.272 seconds
Domain Reload Profiling:
	ReloadAssembly (3274ms)
		BeginReloadAssembly (431ms)
			ExecutionOrderSort (0ms)
			DisableScriptedObjects (143ms)
			BackupInstance (0ms)
			ReleaseScriptingObjects (0ms)
			CreateAndSetChildDomain (80ms)
		EndReloadAssembly (2682ms)
			LoadAssemblies (278ms)
			RebuildTransferFunctionScriptingTraits (0ms)
			SetupTypeCache (393ms)
			ReleaseScriptCaches (1ms)
			RebuildScriptCaches (57ms)
			SetupLoadedEditorAssemblies (1617ms)
				LogAssemblyErrors (0ms)
				InitializePlatformSupportModulesInManaged (46ms)
				SetLoadedEditorAssemblies (3ms)
				RefreshPlugins (1ms)
				BeforeProcessingInitializeOnLoad (314ms)
				ProcessInitializeOnLoadAttributes (1169ms)
				ProcessInitializeOnLoadMethodAttributes (81ms)
				AfterProcessingInitializeOnLoad (3ms)
				EditorAssembliesLoaded (1ms)
			ExecutionOrderSort2 (0ms)
			AwakeInstancesAfterBackupRestoration (70ms)
Platform modules already initialized, skipping
Refreshing native plugins compatible for Editor in 0.59 ms, found 3 plugins.
Preloading 0 native plugins for Editor in 0.00 ms.
Unloading 2210 Unused Serialized files (Serialized files now loaded: 0)
System memory in use before: 96.9 MB.
System memory in use after: 97.1 MB.

Unloading 17 unused Assets to reduce memory usage. Loaded Objects now: 2681.
Total: 4.111750 ms (FindLiveObjects: 0.263250 ms CreateObjectMapping: 0.115417 ms MarkObjects: 3.664167 ms  DeleteObjects: 0.045917 ms)

AssetImportParameters requested are different than current active one (requested -> active):
  custom:framework-win-MediaFoundation: 216162199b28c13a410421893ffa2e32 -> 
  custom:video-decoder-ogg-theora: a1e56fd34408186e4bbccfd4996cb3dc -> 
  custom:container-muxer-webm: aa71ff27fc2769a1b78a27578f13a17b -> 
  custom:container-demuxer-webm: 4f35f7cbe854078d1ac9338744f61a02 -> 
  custom:container-demuxer-ogg: 62fdf1f143b41e24485cea50d1cbac27 -> 
  custom:video-encoder-webm-vp8: eb34c28f22e8b96e1ab97ce403110664 -> 
  custom:video-decoder-webm-vp8: 9c59270c3fd7afecdb556c50c9e8de78 -> 
  custom:audio-decoder-ogg-vorbis: bf7c407c2cedff20999df2af8eb42d56 -> 
  custom:audio-encoder-webm-vorbis: bf7c407c2cedff20999df2af8eb42d56 -> 
========================================================================
Received Prepare
Registering precompiled user dll's ...
Registered in 0.006459 seconds.
Begin MonoManager ReloadAssembly
Native extension for WindowsStandalone target not found
Refreshing native plugins compatible for Editor in 0.52 ms, found 3 plugins.
Preloading 0 native plugins for Editor in 0.00 ms.
Mono: successfully reloaded assembly
- Completed reload, in  3.422 seconds
Domain Reload Profiling:
	ReloadAssembly (3425ms)
		BeginReloadAssembly (459ms)
			ExecutionOrderSort (0ms)
			DisableScriptedObjects (69ms)
			BackupInstance (0ms)
			ReleaseScriptingObjects (0ms)
			CreateAndSetChildDomain (95ms)
		EndReloadAssembly (2815ms)
			LoadAssemblies (384ms)
			RebuildTransferFunctionScriptingTraits (0ms)
			SetupTypeCache (420ms)
			ReleaseScriptCaches (1ms)
			RebuildScriptCaches (59ms)
			SetupLoadedEditorAssemblies (1603ms)
				LogAssemblyErrors (0ms)
				InitializePlatformSupportModulesInManaged (30ms)
				SetLoadedEditorAssemblies (3ms)
				RefreshPlugins (1ms)
				BeforeProcessingInitializeOnLoad (293ms)
				ProcessInitializeOnLoadAttributes (1208ms)
				ProcessInitializeOnLoadMethodAttributes (66ms)
				AfterProcessingInitializeOnLoad (3ms)
				EditorAssembliesLoaded (1ms)
			ExecutionOrderSort2 (0ms)
			AwakeInstancesAfterBackupRestoration (49ms)
Platform modules already initialized, skipping
Refreshing native plugins compatible for Editor in 0.53 ms, found 3 plugins.
Preloading 0 native plugins for Editor in 0.00 ms.
Unloading 2210 Unused Serialized files (Serialized files now loaded: 0)
System memory in use before: 96.9 MB.
System memory in use after: 97.1 MB.

Unloading 17 unused Assets to reduce memory usage. Loaded Objects now: 2683.
Total: 4.391042 ms (FindLiveObjects: 0.291333 ms CreateObjectMapping: 0.153208 ms MarkObjects: 3.848208 ms  DeleteObjects: 0.052583 ms)

AssetImportParameters requested are different than current active one (requested -> active):
  custom:framework-win-MediaFoundation: 216162199b28c13a410421893ffa2e32 -> 
  custom:video-decoder-ogg-theora: a1e56fd34408186e4bbccfd4996cb3dc -> 
  custom:container-muxer-webm: aa71ff27fc2769a1b78a27578f13a17b -> 
  custom:container-demuxer-webm: 4f35f7cbe854078d1ac9338744f61a02 -> 
  custom:container-demuxer-ogg: 62fdf1f143b41e24485cea50d1cbac27 -> 
  custom:video-encoder-webm-vp8: eb34c28f22e8b96e1ab97ce403110664 -> 
  custom:video-decoder-webm-vp8: 9c59270c3fd7afecdb556c50c9e8de78 -> 
  custom:audio-decoder-ogg-vorbis: bf7c407c2cedff20999df2af8eb42d56 -> 
  custom:audio-encoder-webm-vorbis: bf7c407c2cedff20999df2af8eb42d56 -> 
========================================================================
Received Prepare
Registering precompiled user dll's ...
Registered in 0.004102 seconds.
Begin MonoManager ReloadAssembly
Native extension for WindowsStandalone target not found
Refreshing native plugins compatible for Editor in 0.51 ms, found 3 plugins.
Preloading 0 native plugins for Editor in 0.00 ms.
Mono: successfully reloaded assembly
- Completed reload, in  3.100 seconds
Domain Reload Profiling:
	ReloadAssembly (3102ms)
		BeginReloadAssembly (429ms)
			ExecutionOrderSort (0ms)
			DisableScriptedObjects (49ms)
			BackupInstance (0ms)
			ReleaseScriptingObjects (0ms)
			CreateAndSetChildDomain (102ms)
		EndReloadAssembly (2538ms)
			LoadAssemblies (353ms)
			RebuildTransferFunctionScriptingTraits (0ms)
			SetupTypeCache (374ms)
			ReleaseScriptCaches (1ms)
			RebuildScriptCaches (65ms)
			SetupLoadedEditorAssemblies (1494ms)
				LogAssemblyErrors (0ms)
				InitializePlatformSupportModulesInManaged (30ms)
				SetLoadedEditorAssemblies (2ms)
				RefreshPlugins (1ms)
				BeforeProcessingInitializeOnLoad (253ms)
				ProcessInitializeOnLoadAttributes (1132ms)
				ProcessInitializeOnLoadMethodAttributes (72ms)
				AfterProcessingInitializeOnLoad (3ms)
				EditorAssembliesLoaded (1ms)
			ExecutionOrderSort2 (0ms)
			AwakeInstancesAfterBackupRestoration (42ms)
Platform modules already initialized, skipping
Refreshing native plugins compatible for Editor in 0.52 ms, found 3 plugins.
Preloading 0 native plugins for Editor in 0.00 ms.
Unloading 2210 Unused Serialized files (Serialized files now loaded: 0)
System memory in use before: 96.9 MB.
System memory in use after: 97.1 MB.

Unloading 17 unused Assets to reduce memory usage. Loaded Objects now: 2685.
Total: 4.164833 ms (FindLiveObjects: 0.221792 ms CreateObjectMapping: 0.107875 ms MarkObjects: 3.749042 ms  DeleteObjects: 0.058792 ms)

AssetImportParameters requested are different than current active one (requested -> active):
  custom:framework-win-MediaFoundation: 216162199b28c13a410421893ffa2e32 -> 
  custom:video-decoder-ogg-theora: a1e56fd34408186e4bbccfd4996cb3dc -> 
  custom:container-muxer-webm: aa71ff27fc2769a1b78a27578f13a17b -> 
  custom:container-demuxer-webm: 4f35f7cbe854078d1ac9338744f61a02 -> 
  custom:container-demuxer-ogg: 62fdf1f143b41e24485cea50d1cbac27 -> 
  custom:video-encoder-webm-vp8: eb34c28f22e8b96e1ab97ce403110664 -> 
  custom:video-decoder-webm-vp8: 9c59270c3fd7afecdb556c50c9e8de78 -> 
  custom:audio-decoder-ogg-vorbis: bf7c407c2cedff20999df2af8eb42d56 -> 
  custom:audio-encoder-webm-vorbis: bf7c407c2cedff20999df2af8eb42d56 -> 
========================================================================
Received Prepare
Registering precompiled user dll's ...
Registered in 0.004044 seconds.
Begin MonoManager ReloadAssembly
Native extension for WindowsStandalone target not found
Refreshing native plugins compatible for Editor in 0.52 ms, found 3 plugins.
Preloading 0 native plugins for Editor in 0.00 ms.
Mono: successfully reloaded assembly
- Completed reload, in  3.599 seconds
Domain Reload Profiling:
	ReloadAssembly (3603ms)
		BeginReloadAssembly (453ms)
			ExecutionOrderSort (0ms)
			DisableScriptedObjects (56ms)
			BackupInstance (0ms)
			ReleaseScriptingObjects (0ms)
			CreateAndSetChildDomain (109ms)
		EndReloadAssembly (2957ms)
			LoadAssemblies (397ms)
			RebuildTransferFunctionScriptingTraits (0ms)
			SetupTypeCache (459ms)
			ReleaseScriptCaches (1ms)
			RebuildScriptCaches (65ms)
			SetupLoadedEditorAssemblies (1674ms)
				LogAssemblyErrors (0ms)
				InitializePlatformSupportModulesInManaged (31ms)
				SetLoadedEditorAssemblies (2ms)
				RefreshPlugins (1ms)
				BeforeProcessingInitializeOnLoad (306ms)
				ProcessInitializeOnLoadAttributes (1261ms)
				ProcessInitializeOnLoadMethodAttributes (70ms)
				AfterProcessingInitializeOnLoad (3ms)
				EditorAssembliesLoaded (1ms)
			ExecutionOrderSort2 (0ms)
			AwakeInstancesAfterBackupRestoration (50ms)
Platform modules already initialized, skipping
Refreshing native plugins compatible for Editor in 0.59 ms, found 3 plugins.
Preloading 0 native plugins for Editor in 0.01 ms.
Unloading 2210 Unused Serialized files (Serialized files now loaded: 0)
System memory in use before: 97.0 MB.
System memory in use after: 97.1 MB.

Unloading 17 unused Assets to reduce memory usage. Loaded Objects now: 2687.
Total: 6.067500 ms (FindLiveObjects: 0.473250 ms CreateObjectMapping: 0.194583 ms MarkObjects: 5.333542 ms  DeleteObjects: 0.034625 ms)

AssetImportParameters requested are different than current active one (requested -> active):
  custom:framework-win-MediaFoundation: 216162199b28c13a410421893ffa2e32 -> 
  custom:video-decoder-ogg-theora: a1e56fd34408186e4bbccfd4996cb3dc -> 
  custom:container-muxer-webm: aa71ff27fc2769a1b78a27578f13a17b -> 
  custom:container-demuxer-webm: 4f35f7cbe854078d1ac9338744f61a02 -> 
  custom:container-demuxer-ogg: 62fdf1f143b41e24485cea50d1cbac27 -> 
  custom:video-encoder-webm-vp8: eb34c28f22e8b96e1ab97ce403110664 -> 
  custom:video-decoder-webm-vp8: 9c59270c3fd7afecdb556c50c9e8de78 -> 
  custom:audio-decoder-ogg-vorbis: bf7c407c2cedff20999df2af8eb42d56 -> 
  custom:audio-encoder-webm-vorbis: bf7c407c2cedff20999df2af8eb42d56 -> 
========================================================================
Received Prepare
Registering precompiled user dll's ...
Registered in 0.005332 seconds.
Begin MonoManager ReloadAssembly
Native extension for WindowsStandalone target not found
Refreshing native plugins compatible for Editor in 0.54 ms, found 3 plugins.
Preloading 0 native plugins for Editor in 0.00 ms.
Mono: successfully reloaded assembly
- Completed reload, in  4.826 seconds
Domain Reload Profiling:
	ReloadAssembly (4829ms)
		BeginReloadAssembly (993ms)
			ExecutionOrderSort (0ms)
			DisableScriptedObjects (69ms)
			BackupInstance (0ms)
			ReleaseScriptingObjects (0ms)
			CreateAndSetChildDomain (557ms)
		EndReloadAssembly (3623ms)
			LoadAssemblies (548ms)
			RebuildTransferFunctionScriptingTraits (0ms)
			SetupTypeCache (518ms)
			ReleaseScriptCaches (5ms)
			RebuildScriptCaches (94ms)
			SetupLoadedEditorAssemblies (1971ms)
				LogAssemblyErrors (0ms)
				InitializePlatformSupportModulesInManaged (41ms)
				SetLoadedEditorAssemblies (4ms)
				RefreshPlugins (1ms)
				BeforeProcessingInitializeOnLoad (342ms)
				ProcessInitializeOnLoadAttributes (1517ms)
				ProcessInitializeOnLoadMethodAttributes (63ms)
				AfterProcessingInitializeOnLoad (3ms)
				EditorAssembliesLoaded (1ms)
			ExecutionOrderSort2 (0ms)
			AwakeInstancesAfterBackupRestoration (50ms)
Platform modules already initialized, skipping
Refreshing native plugins compatible for Editor in 0.80 ms, found 3 plugins.
Preloading 0 native plugins for Editor in 0.01 ms.
Unloading 2210 Unused Serialized files (Serialized files now loaded: 0)
System memory in use before: 97.0 MB.
System memory in use after: 97.1 MB.

Unloading 17 unused Assets to reduce memory usage. Loaded Objects now: 2689.
Total: 3.894625 ms (FindLiveObjects: 0.227167 ms CreateObjectMapping: 0.110958 ms MarkObjects: 3.495750 ms  DeleteObjects: 0.033167 ms)

AssetImportParameters requested are different than current active one (requested -> active):
  custom:framework-win-MediaFoundation: 216162199b28c13a410421893ffa2e32 -> 
  custom:video-decoder-ogg-theora: a1e56fd34408186e4bbccfd4996cb3dc -> 
  custom:container-muxer-webm: aa71ff27fc2769a1b78a27578f13a17b -> 
  custom:container-demuxer-webm: 4f35f7cbe854078d1ac9338744f61a02 -> 
  custom:container-demuxer-ogg: 62fdf1f143b41e24485cea50d1cbac27 -> 
  custom:video-encoder-webm-vp8: eb34c28f22e8b96e1ab97ce403110664 -> 
  custom:video-decoder-webm-vp8: 9c59270c3fd7afecdb556c50c9e8de78 -> 
  custom:audio-decoder-ogg-vorbis: bf7c407c2cedff20999df2af8eb42d56 -> 
  custom:audio-encoder-webm-vorbis: bf7c407c2cedff20999df2af8eb42d56 -> 
========================================================================
Received Import Request.
  Time since last request: 1161.895944 seconds.
  path: Assets/scripts/Enemysimple.cs
  artifactKey: Guid(22035c28b14e6fb4d852a4a1eeb22567) Importer(815301076,1909f56bfc062723c751e8b465ee728b)
Start importing Assets/scripts/Enemysimple.cs using Guid(22035c28b14e6fb4d852a4a1eeb22567) Importer(815301076,1909f56bfc062723c751e8b465ee728b)  -> (artifact id: '88c236136ff8614ec4955590aa6347d3') in 0.007671 seconds 
  Import took 0.011941 seconds .

========================================================================
Received Prepare
Registering precompiled user dll's ...
Registered in 0.004897 seconds.
Begin MonoManager ReloadAssembly
Native extension for WindowsStandalone target not found
Refreshing native plugins compatible for Editor in 0.67 ms, found 3 plugins.
Preloading 0 native plugins for Editor in 0.02 ms.
Mono: successfully reloaded assembly
- Completed reload, in  2.753 seconds
Domain Reload Profiling:
	ReloadAssembly (2754ms)
		BeginReloadAssembly (329ms)
			ExecutionOrderSort (0ms)
			DisableScriptedObjects (44ms)
			BackupInstance (0ms)
			ReleaseScriptingObjects (0ms)
			CreateAndSetChildDomain (64ms)
		EndReloadAssembly (2307ms)
			LoadAssemblies (361ms)
			RebuildTransferFunctionScriptingTraits (0ms)
			SetupTypeCache (389ms)
			ReleaseScriptCaches (1ms)
			RebuildScriptCaches (54ms)
			SetupLoadedEditorAssemblies (1259ms)
				LogAssemblyErrors (0ms)
				InitializePlatformSupportModulesInManaged (25ms)
				SetLoadedEditorAssemblies (3ms)
				RefreshPlugins (1ms)
				BeforeProcessingInitializeOnLoad (275ms)
				ProcessInitializeOnLoadAttributes (898ms)
				ProcessInitializeOnLoadMethodAttributes (53ms)
				AfterProcessingInitializeOnLoad (3ms)
				EditorAssembliesLoaded (1ms)
			ExecutionOrderSort2 (0ms)
			AwakeInstancesAfterBackupRestoration (36ms)
Platform modules already initialized, skipping
Refreshing native plugins compatible for Editor in 0.54 ms, found 3 plugins.
Preloading 0 native plugins for Editor in 0.00 ms.
Unloading 2210 Unused Serialized files (Serialized files now loaded: 0)
System memory in use before: 97.0 MB.
System memory in use after: 97.1 MB.

Unloading 17 unused Assets to reduce memory usage. Loaded Objects now: 2691.
Total: 3.768917 ms (FindLiveObjects: 0.211167 ms CreateObjectMapping: 0.096250 ms MarkObjects: 3.397208 ms  DeleteObjects: 0.041333 ms)

AssetImportParameters requested are different than current active one (requested -> active):
  custom:framework-win-MediaFoundation: 216162199b28c13a410421893ffa2e32 -> 
  custom:video-decoder-ogg-theora: a1e56fd34408186e4bbccfd4996cb3dc -> 
  custom:container-muxer-webm: aa71ff27fc2769a1b78a27578f13a17b -> 
  custom:container-demuxer-webm: 4f35f7cbe854078d1ac9338744f61a02 -> 
  custom:container-demuxer-ogg: 62fdf1f143b41e24485cea50d1cbac27 -> 
  custom:video-encoder-webm-vp8: eb34c28f22e8b96e1ab97ce403110664 -> 
  custom:video-decoder-webm-vp8: 9c59270c3fd7afecdb556c50c9e8de78 -> 
  custom:audio-decoder-ogg-vorbis: bf7c407c2cedff20999df2af8eb42d56 -> 
  custom:audio-encoder-webm-vorbis: bf7c407c2cedff20999df2af8eb42d56 -> 
========================================================================
Received Import Request.
  Time since last request: 18.876248 seconds.
  path: Assets/scripts/Enemysimple.cs
  artifactKey: Guid(22035c28b14e6fb4d852a4a1eeb22567) Importer(815301076,1909f56bfc062723c751e8b465ee728b)
Start importing Assets/scripts/Enemysimple.cs using Guid(22035c28b14e6fb4d852a4a1eeb22567) Importer(815301076,1909f56bfc062723c751e8b465ee728b)  -> (artifact id: 'c44b4743cd5795459049ad0015f48be5') in 0.011502 seconds 
  Import took 0.019000 seconds .

========================================================================
Received Import Request.
  Time since last request: 10.354555 seconds.
  path: Assets/scripts/Enemysimple.cs
  artifactKey: Guid(22035c28b14e6fb4d852a4a1eeb22567) Importer(815301076,1909f56bfc062723c751e8b465ee728b)
Start importing Assets/scripts/Enemysimple.cs using Guid(22035c28b14e6fb4d852a4a1eeb22567) Importer(815301076,1909f56bfc062723c751e8b465ee728b)  -> (artifact id: 'a3d19d08d1e48b9583c66c9416b0cac7') in 0.003945 seconds 
  Import took 0.008007 seconds .

========================================================================
Received Import Request.
  Time since last request: 61.227257 seconds.
  path: Assets/scripts/Enemysimple.cs
  artifactKey: Guid(22035c28b14e6fb4d852a4a1eeb22567) Importer(815301076,1909f56bfc062723c751e8b465ee728b)
Start importing Assets/scripts/Enemysimple.cs using Guid(22035c28b14e6fb4d852a4a1eeb22567) Importer(815301076,1909f56bfc062723c751e8b465ee728b)  -> (artifact id: 'ce38f761e5032c8e2001dd28da49acc7') in 0.008894 seconds 
  Import took 0.016437 seconds .

========================================================================
Received Import Request.
  Time since last request: 85.346800 seconds.
  path: Assets/scripts/Enemysimple.cs
  artifactKey: Guid(22035c28b14e6fb4d852a4a1eeb22567) Importer(815301076,1909f56bfc062723c751e8b465ee728b)
Start importing Assets/scripts/Enemysimple.cs using Guid(22035c28b14e6fb4d852a4a1eeb22567) Importer(815301076,1909f56bfc062723c751e8b465ee728b)  -> (artifact id: '58cfc5b88f0a24b6b7df1df4e1b3677e') in 0.012841 seconds 
  Import took 0.017515 seconds .

========================================================================
Received Import Request.
  Time since last request: 38.880451 seconds.
  path: Assets/scripts/Enemysimple.cs
  artifactKey: Guid(22035c28b14e6fb4d852a4a1eeb22567) Importer(815301076,1909f56bfc062723c751e8b465ee728b)
Start importing Assets/scripts/Enemysimple.cs using Guid(22035c28b14e6fb4d852a4a1eeb22567) Importer(815301076,1909f56bfc062723c751e8b465ee728b)  -> (artifact id: 'b86a180e37f34f6122a424ec80782dc0') in 0.005083 seconds 
  Import took 0.008966 seconds .

========================================================================
Received Import Request.
  Time since last request: 20.708637 seconds.
  path: Assets/scripts/Enemysimple.cs
  artifactKey: Guid(22035c28b14e6fb4d852a4a1eeb22567) Importer(815301076,1909f56bfc062723c751e8b465ee728b)
Start importing Assets/scripts/Enemysimple.cs using Guid(22035c28b14e6fb4d852a4a1eeb22567) Importer(815301076,1909f56bfc062723c751e8b465ee728b)  -> (artifact id: 'bfd77d2436b954ff2c89252ecff06762') in 0.011999 seconds 
  Import took 0.017938 seconds .

========================================================================
Received Prepare
Registering precompiled user dll's ...
Registered in 0.004223 seconds.
Begin MonoManager ReloadAssembly
Native extension for WindowsStandalone target not found
Refreshing native plugins compatible for Editor in 0.89 ms, found 3 plugins.
Preloading 0 native plugins for Editor in 0.01 ms.
Mono: successfully reloaded assembly
- Completed reload, in  3.236 seconds
Domain Reload Profiling:
	ReloadAssembly (3239ms)
		BeginReloadAssembly (393ms)
			ExecutionOrderSort (0ms)
			DisableScriptedObjects (46ms)
			BackupInstance (0ms)
			ReleaseScriptingObjects (0ms)
			CreateAndSetChildDomain (91ms)
		EndReloadAssembly (2701ms)
			LoadAssemblies (360ms)
			RebuildTransferFunctionScriptingTraits (0ms)
			SetupTypeCache (372ms)
			ReleaseScriptCaches (1ms)
			RebuildScriptCaches (56ms)
			SetupLoadedEditorAssemblies (1567ms)
				LogAssemblyErrors (0ms)
				InitializePlatformSupportModulesInManaged (42ms)
				SetLoadedEditorAssemblies (3ms)
				RefreshPlugins (1ms)
				BeforeProcessingInitializeOnLoad (306ms)
				ProcessInitializeOnLoadAttributes (1138ms)
				ProcessInitializeOnLoadMethodAttributes (72ms)
				AfterProcessingInitializeOnLoad (4ms)
				EditorAssembliesLoaded (1ms)
			ExecutionOrderSort2 (0ms)
			AwakeInstancesAfterBackupRestoration (62ms)
Platform modules already initialized, skipping
Refreshing native plugins compatible for Editor in 0.73 ms, found 3 plugins.
Preloading 0 native plugins for Editor in 0.01 ms.
Unloading 2210 Unused Serialized files (Serialized files now loaded: 0)
System memory in use before: 97.0 MB.
System memory in use after: 97.1 MB.

Unloading 17 unused Assets to reduce memory usage. Loaded Objects now: 2693.
Total: 8.243250 ms (FindLiveObjects: 0.773917 ms CreateObjectMapping: 0.651583 ms MarkObjects: 6.611833 ms  DeleteObjects: 0.046333 ms)

AssetImportParameters requested are different than current active one (requested -> active):
  custom:framework-win-MediaFoundation: 216162199b28c13a410421893ffa2e32 -> 
  custom:video-decoder-ogg-theora: a1e56fd34408186e4bbccfd4996cb3dc -> 
  custom:container-muxer-webm: aa71ff27fc2769a1b78a27578f13a17b -> 
  custom:container-demuxer-webm: 4f35f7cbe854078d1ac9338744f61a02 -> 
  custom:container-demuxer-ogg: 62fdf1f143b41e24485cea50d1cbac27 -> 
  custom:video-encoder-webm-vp8: eb34c28f22e8b96e1ab97ce403110664 -> 
  custom:video-decoder-webm-vp8: 9c59270c3fd7afecdb556c50c9e8de78 -> 
  custom:audio-decoder-ogg-vorbis: bf7c407c2cedff20999df2af8eb42d56 -> 
  custom:audio-encoder-webm-vorbis: bf7c407c2cedff20999df2af8eb42d56 -> 
========================================================================
Received Prepare
Registering precompiled user dll's ...
Registered in 0.005539 seconds.
Begin MonoManager ReloadAssembly
Native extension for WindowsStandalone target not found
Refreshing native plugins compatible for Editor in 0.52 ms, found 3 plugins.
Preloading 0 native plugins for Editor in 0.00 ms.
Mono: successfully reloaded assembly
- Completed reload, in  3.367 seconds
Domain Reload Profiling:
	ReloadAssembly (3371ms)
		BeginReloadAssembly (452ms)
			ExecutionOrderSort (0ms)
			DisableScriptedObjects (57ms)
			BackupInstance (0ms)
			ReleaseScriptingObjects (0ms)
			CreateAndSetChildDomain (87ms)
		EndReloadAssembly (2781ms)
			LoadAssemblies (388ms)
			RebuildTransferFunctionScriptingTraits (0ms)
			SetupTypeCache (502ms)
			ReleaseScriptCaches (5ms)
			RebuildScriptCaches (70ms)
			SetupLoadedEditorAssemblies (1576ms)
				LogAssemblyErrors (0ms)
				InitializePlatformSupportModulesInManaged (38ms)
				SetLoadedEditorAssemblies (3ms)
				RefreshPlugins (1ms)
				BeforeProcessingInitializeOnLoad (230ms)
				ProcessInitializeOnLoadAttributes (1251ms)
				ProcessInitializeOnLoadMethodAttributes (51ms)
				AfterProcessingInitializeOnLoad (4ms)
				EditorAssembliesLoaded (1ms)
			ExecutionOrderSort2 (0ms)
			AwakeInstancesAfterBackupRestoration (54ms)
Platform modules already initialized, skipping
Refreshing native plugins compatible for Editor in 0.58 ms, found 3 plugins.
Preloading 0 native plugins for Editor in 0.03 ms.
Unloading 2210 Unused Serialized files (Serialized files now loaded: 0)
System memory in use before: 97.0 MB.
System memory in use after: 97.1 MB.

Unloading 17 unused Assets to reduce memory usage. Loaded Objects now: 2695.
Total: 5.157333 ms (FindLiveObjects: 0.397667 ms CreateObjectMapping: 0.177958 ms MarkObjects: 4.514083 ms  DeleteObjects: 0.035583 ms)

AssetImportParameters requested are different than current active one (requested -> active):
  custom:framework-win-MediaFoundation: 216162199b28c13a410421893ffa2e32 -> 
  custom:video-decoder-ogg-theora: a1e56fd34408186e4bbccfd4996cb3dc -> 
  custom:container-muxer-webm: aa71ff27fc2769a1b78a27578f13a17b -> 
  custom:container-demuxer-webm: 4f35f7cbe854078d1ac9338744f61a02 -> 
  custom:container-demuxer-ogg: 62fdf1f143b41e24485cea50d1cbac27 -> 
  custom:video-encoder-webm-vp8: eb34c28f22e8b96e1ab97ce403110664 -> 
  custom:video-decoder-webm-vp8: 9c59270c3fd7afecdb556c50c9e8de78 -> 
  custom:audio-decoder-ogg-vorbis: bf7c407c2cedff20999df2af8eb42d56 -> 
  custom:audio-encoder-webm-vorbis: bf7c407c2cedff20999df2af8eb42d56 -> 
========================================================================
Received Prepare
Registering precompiled user dll's ...
Registered in 0.004432 seconds.
Begin MonoManager ReloadAssembly
Native extension for WindowsStandalone target not found
Refreshing native plugins compatible for Editor in 0.52 ms, found 3 plugins.
Preloading 0 native plugins for Editor in 0.01 ms.
Mono: successfully reloaded assembly
- Completed reload, in  3.173 seconds
Domain Reload Profiling:
	ReloadAssembly (3178ms)
		BeginReloadAssembly (465ms)
			ExecutionOrderSort (0ms)
			DisableScriptedObjects (52ms)
			BackupInstance (0ms)
			ReleaseScriptingObjects (0ms)
			CreateAndSetChildDomain (89ms)
		EndReloadAssembly (2552ms)
			LoadAssemblies (429ms)
			RebuildTransferFunctionScriptingTraits (0ms)
			SetupTypeCache (380ms)
			ReleaseScriptCaches (1ms)
			RebuildScriptCaches (59ms)
			SetupLoadedEditorAssemblies (1290ms)
				LogAssemblyErrors (0ms)
				InitializePlatformSupportModulesInManaged (43ms)
				SetLoadedEditorAssemblies (3ms)
				RefreshPlugins (1ms)
				BeforeProcessingInitializeOnLoad (312ms)
				ProcessInitializeOnLoadAttributes (882ms)
				ProcessInitializeOnLoadMethodAttributes (47ms)
				AfterProcessingInitializeOnLoad (3ms)
				EditorAssembliesLoaded (1ms)
			ExecutionOrderSort2 (0ms)
			AwakeInstancesAfterBackupRestoration (36ms)
Platform modules already initialized, skipping
Refreshing native plugins compatible for Editor in 0.65 ms, found 3 plugins.
Preloading 0 native plugins for Editor in 0.00 ms.
Unloading 2210 Unused Serialized files (Serialized files now loaded: 0)
System memory in use before: 97.0 MB.
System memory in use after: 97.1 MB.

Unloading 17 unused Assets to reduce memory usage. Loaded Objects now: 2697.
Total: 3.773083 ms (FindLiveObjects: 0.216500 ms CreateObjectMapping: 0.104000 ms MarkObjects: 3.371458 ms  DeleteObjects: 0.049375 ms)

AssetImportParameters requested are different than current active one (requested -> active):
  custom:framework-win-MediaFoundation: 216162199b28c13a410421893ffa2e32 -> 
  custom:video-decoder-ogg-theora: a1e56fd34408186e4bbccfd4996cb3dc -> 
  custom:container-muxer-webm: aa71ff27fc2769a1b78a27578f13a17b -> 
  custom:container-demuxer-webm: 4f35f7cbe854078d1ac9338744f61a02 -> 
  custom:container-demuxer-ogg: 62fdf1f143b41e24485cea50d1cbac27 -> 
  custom:video-encoder-webm-vp8: eb34c28f22e8b96e1ab97ce403110664 -> 
  custom:video-decoder-webm-vp8: 9c59270c3fd7afecdb556c50c9e8de78 -> 
  custom:audio-decoder-ogg-vorbis: bf7c407c2cedff20999df2af8eb42d56 -> 
  custom:audio-encoder-webm-vorbis: bf7c407c2cedff20999df2af8eb42d56 -> 
========================================================================
Received Prepare
Registering precompiled user dll's ...
Registered in 0.004435 seconds.
Begin MonoManager ReloadAssembly
Native extension for WindowsStandalone target not found
Refreshing native plugins compatible for Editor in 0.52 ms, found 3 plugins.
Preloading 0 native plugins for Editor in 0.00 ms.
Mono: successfully reloaded assembly
- Completed reload, in  3.814 seconds
Domain Reload Profiling:
	ReloadAssembly (3818ms)
		BeginReloadAssembly (439ms)
			ExecutionOrderSort (0ms)
			DisableScriptedObjects (56ms)
			BackupInstance (0ms)
			ReleaseScriptingObjects (0ms)
			CreateAndSetChildDomain (75ms)
		EndReloadAssembly (3205ms)
			LoadAssemblies (413ms)
			RebuildTransferFunctionScriptingTraits (0ms)
			SetupTypeCache (580ms)
			ReleaseScriptCaches (1ms)
			RebuildScriptCaches (62ms)
			SetupLoadedEditorAssemblies (1952ms)
				LogAssemblyErrors (0ms)
				InitializePlatformSupportModulesInManaged (25ms)
				SetLoadedEditorAssemblies (2ms)
				RefreshPlugins (1ms)
				BeforeProcessingInitializeOnLoad (453ms)
				ProcessInitializeOnLoadAttributes (1402ms)
				ProcessInitializeOnLoadMethodAttributes (62ms)
				AfterProcessingInitializeOnLoad (6ms)
				EditorAssembliesLoaded (1ms)
			ExecutionOrderSort2 (0ms)
			AwakeInstancesAfterBackupRestoration (47ms)
Platform modules already initialized, skipping
Refreshing native plugins compatible for Editor in 0.62 ms, found 3 plugins.
Preloading 0 native plugins for Editor in 0.01 ms.
Unloading 2210 Unused Serialized files (Serialized files now loaded: 0)
System memory in use before: 97.0 MB.
System memory in use after: 97.1 MB.

Unloading 17 unused Assets to reduce memory usage. Loaded Objects now: 2699.
Total: 4.455583 ms (FindLiveObjects: 0.317083 ms CreateObjectMapping: 0.139917 ms MarkObjects: 3.896958 ms  DeleteObjects: 0.057333 ms)

AssetImportParameters requested are different than current active one (requested -> active):
  custom:framework-win-MediaFoundation: 216162199b28c13a410421893ffa2e32 -> 
  custom:video-decoder-ogg-theora: a1e56fd34408186e4bbccfd4996cb3dc -> 
  custom:container-muxer-webm: aa71ff27fc2769a1b78a27578f13a17b -> 
  custom:container-demuxer-webm: 4f35f7cbe854078d1ac9338744f61a02 -> 
  custom:container-demuxer-ogg: 62fdf1f143b41e24485cea50d1cbac27 -> 
  custom:video-encoder-webm-vp8: eb34c28f22e8b96e1ab97ce403110664 -> 
  custom:video-decoder-webm-vp8: 9c59270c3fd7afecdb556c50c9e8de78 -> 
  custom:audio-decoder-ogg-vorbis: bf7c407c2cedff20999df2af8eb42d56 -> 
  custom:audio-encoder-webm-vorbis: bf7c407c2cedff20999df2af8eb42d56 -> 
========================================================================
Received Prepare
Registering precompiled user dll's ...
Registered in 0.004043 seconds.
Begin MonoManager ReloadAssembly
Native extension for WindowsStandalone target not found
Refreshing native plugins compatible for Editor in 0.53 ms, found 3 plugins.
Preloading 0 native plugins for Editor in 0.00 ms.
Mono: successfully reloaded assembly
- Completed reload, in  2.894 seconds
Domain Reload Profiling:
	ReloadAssembly (2898ms)
		BeginReloadAssembly (404ms)
			ExecutionOrderSort (0ms)
			DisableScriptedObjects (40ms)
			BackupInstance (0ms)
			ReleaseScriptingObjects (0ms)
			CreateAndSetChildDomain (85ms)
		EndReloadAssembly (2298ms)
			LoadAssemblies (371ms)
			RebuildTransferFunctionScriptingTraits (0ms)
			SetupTypeCache (375ms)
			ReleaseScriptCaches (1ms)
			RebuildScriptCaches (62ms)
			SetupLoadedEditorAssemblies (1282ms)
				LogAssemblyErrors (0ms)
				InitializePlatformSupportModulesInManaged (22ms)
				SetLoadedEditorAssemblies (2ms)
				RefreshPlugins (1ms)
				BeforeProcessingInitializeOnLoad (223ms)
				ProcessInitializeOnLoadAttributes (982ms)
				ProcessInitializeOnLoadMethodAttributes (49ms)
				AfterProcessingInitializeOnLoad (3ms)
				EditorAssembliesLoaded (1ms)
			ExecutionOrderSort2 (0ms)
			AwakeInstancesAfterBackupRestoration (35ms)
Platform modules already initialized, skipping
Refreshing native plugins compatible for Editor in 0.51 ms, found 3 plugins.
Preloading 0 native plugins for Editor in 0.00 ms.
Unloading 2210 Unused Serialized files (Serialized files now loaded: 0)
System memory in use before: 97.0 MB.
System memory in use after: 97.1 MB.

Unloading 17 unused Assets to reduce memory usage. Loaded Objects now: 2701.
Total: 4.048667 ms (FindLiveObjects: 0.209875 ms CreateObjectMapping: 0.094750 ms MarkObjects: 3.680333 ms  DeleteObjects: 0.027875 ms)

AssetImportParameters requested are different than current active one (requested -> active):
  custom:framework-win-MediaFoundation: 216162199b28c13a410421893ffa2e32 -> 
  custom:video-decoder-ogg-theora: a1e56fd34408186e4bbccfd4996cb3dc -> 
  custom:container-muxer-webm: aa71ff27fc2769a1b78a27578f13a17b -> 
  custom:container-demuxer-webm: 4f35f7cbe854078d1ac9338744f61a02 -> 
  custom:container-demuxer-ogg: 62fdf1f143b41e24485cea50d1cbac27 -> 
  custom:video-encoder-webm-vp8: eb34c28f22e8b96e1ab97ce403110664 -> 
  custom:video-decoder-webm-vp8: 9c59270c3fd7afecdb556c50c9e8de78 -> 
  custom:audio-decoder-ogg-vorbis: bf7c407c2cedff20999df2af8eb42d56 -> 
  custom:audio-encoder-webm-vorbis: bf7c407c2cedff20999df2af8eb42d56 -> 
========================================================================
Received Prepare
Registering precompiled user dll's ...
Registered in 0.004022 seconds.
Begin MonoManager ReloadAssembly
Native extension for WindowsStandalone target not found
Refreshing native plugins compatible for Editor in 0.70 ms, found 3 plugins.
Preloading 0 native plugins for Editor in 0.00 ms.
Mono: successfully reloaded assembly
- Completed reload, in  3.835 seconds
Domain Reload Profiling:
	ReloadAssembly (3837ms)
		BeginReloadAssembly (473ms)
			ExecutionOrderSort (0ms)
			DisableScriptedObjects (44ms)
			BackupInstance (0ms)
			ReleaseScriptingObjects (0ms)
			CreateAndSetChildDomain (91ms)
		EndReloadAssembly (3207ms)
			LoadAssemblies (438ms)
			RebuildTransferFunctionScriptingTraits (0ms)
			SetupTypeCache (465ms)
			ReleaseScriptCaches (1ms)
			RebuildScriptCaches (59ms)
			SetupLoadedEditorAssemblies (1894ms)
				LogAssemblyErrors (0ms)
				InitializePlatformSupportModulesInManaged (37ms)
				SetLoadedEditorAssemblies (3ms)
				RefreshPlugins (1ms)
				BeforeProcessingInitializeOnLoad (322ms)
				ProcessInitializeOnLoadAttributes (1459ms)
				ProcessInitializeOnLoadMethodAttributes (67ms)
				AfterProcessingInitializeOnLoad (4ms)
				EditorAssembliesLoaded (1ms)
			ExecutionOrderSort2 (0ms)
			AwakeInstancesAfterBackupRestoration (45ms)
Platform modules already initialized, skipping
Refreshing native plugins compatible for Editor in 0.51 ms, found 3 plugins.
Preloading 0 native plugins for Editor in 0.00 ms.
Unloading 2210 Unused Serialized files (Serialized files now loaded: 0)
System memory in use before: 97.0 MB.
System memory in use after: 97.1 MB.

Unloading 17 unused Assets to reduce memory usage. Loaded Objects now: 2703.
Total: 4.452625 ms (FindLiveObjects: 0.459667 ms CreateObjectMapping: 0.212708 ms MarkObjects: 3.665375 ms  DeleteObjects: 0.060667 ms)

AssetImportParameters requested are different than current active one (requested -> active):
  custom:framework-win-MediaFoundation: 216162199b28c13a410421893ffa2e32 -> 
  custom:video-decoder-ogg-theora: a1e56fd34408186e4bbccfd4996cb3dc -> 
  custom:container-muxer-webm: aa71ff27fc2769a1b78a27578f13a17b -> 
  custom:container-demuxer-webm: 4f35f7cbe854078d1ac9338744f61a02 -> 
  custom:container-demuxer-ogg: 62fdf1f143b41e24485cea50d1cbac27 -> 
  custom:video-encoder-webm-vp8: eb34c28f22e8b96e1ab97ce403110664 -> 
  custom:video-decoder-webm-vp8: 9c59270c3fd7afecdb556c50c9e8de78 -> 
  custom:audio-decoder-ogg-vorbis: bf7c407c2cedff20999df2af8eb42d56 -> 
  custom:audio-encoder-webm-vorbis: bf7c407c2cedff20999df2af8eb42d56 -> 
========================================================================
Received Prepare
Registering precompiled user dll's ...
Registered in 0.004084 seconds.
Begin MonoManager ReloadAssembly
Native extension for WindowsStandalone target not found
Refreshing native plugins compatible for Editor in 0.52 ms, found 3 plugins.
Preloading 0 native plugins for Editor in 0.01 ms.
Mono: successfully reloaded assembly
- Completed reload, in  3.608 seconds
Domain Reload Profiling:
	ReloadAssembly (3610ms)
		BeginReloadAssembly (323ms)
			ExecutionOrderSort (0ms)
			DisableScriptedObjects (42ms)
			BackupInstance (0ms)
			ReleaseScriptingObjects (0ms)
			CreateAndSetChildDomain (86ms)
		EndReloadAssembly (3179ms)
			LoadAssemblies (257ms)
			RebuildTransferFunctionScriptingTraits (0ms)
			SetupTypeCache (362ms)
			ReleaseScriptCaches (1ms)
			RebuildScriptCaches (51ms)
			SetupLoadedEditorAssemblies (2183ms)
				LogAssemblyErrors (0ms)
				InitializePlatformSupportModulesInManaged (31ms)
				SetLoadedEditorAssemblies (3ms)
				RefreshPlugins (1ms)
				BeforeProcessingInitializeOnLoad (395ms)
				ProcessInitializeOnLoadAttributes (1666ms)
				ProcessInitializeOnLoadMethodAttributes (79ms)
				AfterProcessingInitializeOnLoad (6ms)
				EditorAssembliesLoaded (2ms)
			ExecutionOrderSort2 (0ms)
			AwakeInstancesAfterBackupRestoration (59ms)
Platform modules already initialized, skipping
Refreshing native plugins compatible for Editor in 0.65 ms, found 3 plugins.
Preloading 0 native plugins for Editor in 0.01 ms.
Unloading 2210 Unused Serialized files (Serialized files now loaded: 0)
System memory in use before: 97.0 MB.
System memory in use after: 97.1 MB.

Unloading 17 unused Assets to reduce memory usage. Loaded Objects now: 2705.
Total: 4.779625 ms (FindLiveObjects: 0.264500 ms CreateObjectMapping: 0.125583 ms MarkObjects: 4.285792 ms  DeleteObjects: 0.054708 ms)

AssetImportParameters requested are different than current active one (requested -> active):
  custom:framework-win-MediaFoundation: 216162199b28c13a410421893ffa2e32 -> 
  custom:video-decoder-ogg-theora: a1e56fd34408186e4bbccfd4996cb3dc -> 
  custom:container-muxer-webm: aa71ff27fc2769a1b78a27578f13a17b -> 
  custom:container-demuxer-webm: 4f35f7cbe854078d1ac9338744f61a02 -> 
  custom:container-demuxer-ogg: 62fdf1f143b41e24485cea50d1cbac27 -> 
  custom:video-encoder-webm-vp8: eb34c28f22e8b96e1ab97ce403110664 -> 
  custom:video-decoder-webm-vp8: 9c59270c3fd7afecdb556c50c9e8de78 -> 
  custom:audio-decoder-ogg-vorbis: bf7c407c2cedff20999df2af8eb42d56 -> 
  custom:audio-encoder-webm-vorbis: bf7c407c2cedff20999df2af8eb42d56 -> 
========================================================================
Received Prepare
Registering precompiled user dll's ...
Registered in 0.004047 seconds.
Begin MonoManager ReloadAssembly
Native extension for WindowsStandalone target not found
Refreshing native plugins compatible for Editor in 0.66 ms, found 3 plugins.
Preloading 0 native plugins for Editor in 0.02 ms.
Mono: successfully reloaded assembly
- Completed reload, in  4.131 seconds
Domain Reload Profiling:
	ReloadAssembly (4135ms)
		BeginReloadAssembly (354ms)
			ExecutionOrderSort (0ms)
			DisableScriptedObjects (53ms)
			BackupInstance (0ms)
			ReleaseScriptingObjects (0ms)
			CreateAndSetChildDomain (85ms)
		EndReloadAssembly (3674ms)
			LoadAssemblies (261ms)
			RebuildTransferFunctionScriptingTraits (0ms)
			SetupTypeCache (424ms)
			ReleaseScriptCaches (137ms)
			RebuildScriptCaches (115ms)
			SetupLoadedEditorAssemblies (2365ms)
				LogAssemblyErrors (0ms)
				InitializePlatformSupportModulesInManaged (118ms)
				SetLoadedEditorAssemblies (9ms)
				RefreshPlugins (1ms)
				BeforeProcessingInitializeOnLoad (384ms)
				ProcessInitializeOnLoadAttributes (1777ms)
				ProcessInitializeOnLoadMethodAttributes (72ms)
				AfterProcessingInitializeOnLoad (3ms)
				EditorAssembliesLoaded (1ms)
			ExecutionOrderSort2 (0ms)
			AwakeInstancesAfterBackupRestoration (41ms)
Platform modules already initialized, skipping
Refreshing native plugins compatible for Editor in 0.69 ms, found 3 plugins.
Preloading 0 native plugins for Editor in 0.01 ms.
Unloading 2210 Unused Serialized files (Serialized files now loaded: 0)
System memory in use before: 97.0 MB.
System memory in use after: 97.1 MB.

Unloading 17 unused Assets to reduce memory usage. Loaded Objects now: 2707.
Total: 6.014083 ms (FindLiveObjects: 0.243375 ms CreateObjectMapping: 0.124917 ms MarkObjects: 5.557708 ms  DeleteObjects: 0.046125 ms)

AssetImportParameters requested are different than current active one (requested -> active):
  custom:framework-win-MediaFoundation: 216162199b28c13a410421893ffa2e32 -> 
  custom:video-decoder-ogg-theora: a1e56fd34408186e4bbccfd4996cb3dc -> 
  custom:container-muxer-webm: aa71ff27fc2769a1b78a27578f13a17b -> 
  custom:container-demuxer-webm: 4f35f7cbe854078d1ac9338744f61a02 -> 
  custom:container-demuxer-ogg: 62fdf1f143b41e24485cea50d1cbac27 -> 
  custom:video-encoder-webm-vp8: eb34c28f22e8b96e1ab97ce403110664 -> 
  custom:video-decoder-webm-vp8: 9c59270c3fd7afecdb556c50c9e8de78 -> 
  custom:audio-decoder-ogg-vorbis: bf7c407c2cedff20999df2af8eb42d56 -> 
  custom:audio-encoder-webm-vorbis: bf7c407c2cedff20999df2af8eb42d56 -> 
========================================================================
Received Prepare
Registering precompiled user dll's ...
Registered in 0.005889 seconds.
Begin MonoManager ReloadAssembly
Native extension for WindowsStandalone target not found
Refreshing native plugins compatible for Editor in 0.68 ms, found 3 plugins.
Preloading 0 native plugins for Editor in 0.00 ms.
Mono: successfully reloaded assembly
- Completed reload, in  3.092 seconds
Domain Reload Profiling:
	ReloadAssembly (3094ms)
		BeginReloadAssembly (317ms)
			ExecutionOrderSort (0ms)
			DisableScriptedObjects (29ms)
			BackupInstance (0ms)
			ReleaseScriptingObjects (0ms)
			CreateAndSetChildDomain (71ms)
		EndReloadAssembly (2555ms)
			LoadAssemblies (297ms)
			RebuildTransferFunctionScriptingTraits (0ms)
			SetupTypeCache (440ms)
			ReleaseScriptCaches (2ms)
			RebuildScriptCaches (57ms)
			SetupLoadedEditorAssemblies (1499ms)
				LogAssemblyErrors (0ms)
				InitializePlatformSupportModulesInManaged (23ms)
				SetLoadedEditorAssemblies (2ms)
				RefreshPlugins (1ms)
				BeforeProcessingInitializeOnLoad (246ms)
				ProcessInitializeOnLoadAttributes (1148ms)
				ProcessInitializeOnLoadMethodAttributes (74ms)
				AfterProcessingInitializeOnLoad (3ms)
				EditorAssembliesLoaded (1ms)
			ExecutionOrderSort2 (0ms)
			AwakeInstancesAfterBackupRestoration (56ms)
Platform modules already initialized, skipping
Refreshing native plugins compatible for Editor in 0.69 ms, found 3 plugins.
Preloading 0 native plugins for Editor in 0.00 ms.
Unloading 2210 Unused Serialized files (Serialized files now loaded: 0)
System memory in use before: 97.0 MB.
System memory in use after: 97.1 MB.

Unloading 17 unused Assets to reduce memory usage. Loaded Objects now: 2709.
Total: 4.189917 ms (FindLiveObjects: 0.231333 ms CreateObjectMapping: 0.115917 ms MarkObjects: 3.765042 ms  DeleteObjects: 0.050167 ms)

AssetImportParameters requested are different than current active one (requested -> active):
  custom:framework-win-MediaFoundation: 216162199b28c13a410421893ffa2e32 -> 
  custom:video-decoder-ogg-theora: a1e56fd34408186e4bbccfd4996cb3dc -> 
  custom:container-muxer-webm: aa71ff27fc2769a1b78a27578f13a17b -> 
  custom:container-demuxer-webm: 4f35f7cbe854078d1ac9338744f61a02 -> 
  custom:container-demuxer-ogg: 62fdf1f143b41e24485cea50d1cbac27 -> 
  custom:video-encoder-webm-vp8: eb34c28f22e8b96e1ab97ce403110664 -> 
  custom:video-decoder-webm-vp8: 9c59270c3fd7afecdb556c50c9e8de78 -> 
  custom:audio-decoder-ogg-vorbis: bf7c407c2cedff20999df2af8eb42d56 -> 
  custom:audio-encoder-webm-vorbis: bf7c407c2cedff20999df2af8eb42d56 -> 
========================================================================
Received Prepare
Registering precompiled user dll's ...
Registered in 0.004117 seconds.
Begin MonoManager ReloadAssembly
Native extension for WindowsStandalone target not found
Refreshing native plugins compatible for Editor in 0.72 ms, found 3 plugins.
Preloading 0 native plugins for Editor in 0.00 ms.
Mono: successfully reloaded assembly
- Completed reload, in  3.866 seconds
Domain Reload Profiling:
	ReloadAssembly (3869ms)
		BeginReloadAssembly (454ms)
			ExecutionOrderSort (0ms)
			DisableScriptedObjects (49ms)
			BackupInstance (0ms)
			ReleaseScriptingObjects (0ms)
			CreateAndSetChildDomain (115ms)
		EndReloadAssembly (3250ms)
			LoadAssemblies (401ms)
			RebuildTransferFunctionScriptingTraits (0ms)
			SetupTypeCache (487ms)
			ReleaseScriptCaches (2ms)
			RebuildScriptCaches (71ms)
			SetupLoadedEditorAssemblies (1915ms)
				LogAssemblyErrors (0ms)
				InitializePlatformSupportModulesInManaged (40ms)
				SetLoadedEditorAssemblies (3ms)
				RefreshPlugins (1ms)
				BeforeProcessingInitializeOnLoad (352ms)
				ProcessInitializeOnLoadAttributes (1436ms)
				ProcessInitializeOnLoadMethodAttributes (77ms)
				AfterProcessingInitializeOnLoad (4ms)
				EditorAssembliesLoaded (1ms)
			ExecutionOrderSort2 (0ms)
			AwakeInstancesAfterBackupRestoration (62ms)
Platform modules already initialized, skipping
Refreshing native plugins compatible for Editor in 0.73 ms, found 3 plugins.
Preloading 0 native plugins for Editor in 0.00 ms.
Unloading 2210 Unused Serialized files (Serialized files now loaded: 0)
System memory in use before: 97.0 MB.
System memory in use after: 97.1 MB.

Unloading 17 unused Assets to reduce memory usage. Loaded Objects now: 2711.
Total: 5.002333 ms (FindLiveObjects: 0.292375 ms CreateObjectMapping: 0.209375 ms MarkObjects: 4.401125 ms  DeleteObjects: 0.036417 ms)

AssetImportParameters requested are different than current active one (requested -> active):
  custom:framework-win-MediaFoundation: 216162199b28c13a410421893ffa2e32 -> 
  custom:video-decoder-ogg-theora: a1e56fd34408186e4bbccfd4996cb3dc -> 
  custom:container-muxer-webm: aa71ff27fc2769a1b78a27578f13a17b -> 
  custom:container-demuxer-webm: 4f35f7cbe854078d1ac9338744f61a02 -> 
  custom:container-demuxer-ogg: 62fdf1f143b41e24485cea50d1cbac27 -> 
  custom:video-encoder-webm-vp8: eb34c28f22e8b96e1ab97ce403110664 -> 
  custom:video-decoder-webm-vp8: 9c59270c3fd7afecdb556c50c9e8de78 -> 
  custom:audio-decoder-ogg-vorbis: bf7c407c2cedff20999df2af8eb42d56 -> 
  custom:audio-encoder-webm-vorbis: bf7c407c2cedff20999df2af8eb42d56 -> 
========================================================================
Received Prepare
Registering precompiled user dll's ...
Registered in 0.005347 seconds.
Begin MonoManager ReloadAssembly
Native extension for WindowsStandalone target not found
Refreshing native plugins compatible for Editor in 0.72 ms, found 3 plugins.
Preloading 0 native plugins for Editor in 0.00 ms.
Mono: successfully reloaded assembly
- Completed reload, in  5.656 seconds
Domain Reload Profiling:
	ReloadAssembly (5659ms)
		BeginReloadAssembly (1134ms)
			ExecutionOrderSort (0ms)
			DisableScriptedObjects (65ms)
			BackupInstance (0ms)
			ReleaseScriptingObjects (0ms)
			CreateAndSetChildDomain (204ms)
		EndReloadAssembly (4342ms)
			LoadAssemblies (831ms)
			RebuildTransferFunctionScriptingTraits (0ms)
			SetupTypeCache (587ms)
			ReleaseScriptCaches (10ms)
			RebuildScriptCaches (177ms)
			SetupLoadedEditorAssemblies (2670ms)
				LogAssemblyErrors (0ms)
				InitializePlatformSupportModulesInManaged (35ms)
				SetLoadedEditorAssemblies (7ms)
				RefreshPlugins (1ms)
				BeforeProcessingInitializeOnLoad (485ms)
				ProcessInitializeOnLoadAttributes (2032ms)
				ProcessInitializeOnLoadMethodAttributes (106ms)
				AfterProcessingInitializeOnLoad (3ms)
				EditorAssembliesLoaded (1ms)
			ExecutionOrderSort2 (0ms)
			AwakeInstancesAfterBackupRestoration (67ms)
Platform modules already initialized, skipping
Refreshing native plugins compatible for Editor in 3.72 ms, found 3 plugins.
Preloading 0 native plugins for Editor in 0.01 ms.
Unloading 2210 Unused Serialized files (Serialized files now loaded: 0)
System memory in use before: 97.1 MB.
System memory in use after: 97.2 MB.

Unloading 17 unused Assets to reduce memory usage. Loaded Objects now: 2713.
Total: 8.385958 ms (FindLiveObjects: 0.330458 ms CreateObjectMapping: 0.137542 ms MarkObjects: 7.774833 ms  DeleteObjects: 0.106625 ms)

AssetImportParameters requested are different than current active one (requested -> active):
  custom:framework-win-MediaFoundation: 216162199b28c13a410421893ffa2e32 -> 
  custom:video-decoder-ogg-theora: a1e56fd34408186e4bbccfd4996cb3dc -> 
  custom:container-muxer-webm: aa71ff27fc2769a1b78a27578f13a17b -> 
  custom:container-demuxer-webm: 4f35f7cbe854078d1ac9338744f61a02 -> 
  custom:container-demuxer-ogg: 62fdf1f143b41e24485cea50d1cbac27 -> 
  custom:video-encoder-webm-vp8: eb34c28f22e8b96e1ab97ce403110664 -> 
  custom:video-decoder-webm-vp8: 9c59270c3fd7afecdb556c50c9e8de78 -> 
  custom:audio-decoder-ogg-vorbis: bf7c407c2cedff20999df2af8eb42d56 -> 
  custom:audio-encoder-webm-vorbis: bf7c407c2cedff20999df2af8eb42d56 -> 
========================================================================
Received Prepare
Registering precompiled user dll's ...
Registered in 0.004197 seconds.
Begin MonoManager ReloadAssembly
Native extension for WindowsStandalone target not found
Refreshing native plugins compatible for Editor in 0.57 ms, found 3 plugins.
Preloading 0 native plugins for Editor in 0.01 ms.
Mono: successfully reloaded assembly
- Completed reload, in  3.564 seconds
Domain Reload Profiling:
	ReloadAssembly (3566ms)
		BeginReloadAssembly (445ms)
			ExecutionOrderSort (0ms)
			DisableScriptedObjects (73ms)
			BackupInstance (0ms)
			ReleaseScriptingObjects (0ms)
			CreateAndSetChildDomain (103ms)
		EndReloadAssembly (2985ms)
			LoadAssemblies (358ms)
			RebuildTransferFunctionScriptingTraits (0ms)
			SetupTypeCache (381ms)
			ReleaseScriptCaches (1ms)
			RebuildScriptCaches (71ms)
			SetupLoadedEditorAssemblies (1773ms)
				LogAssemblyErrors (0ms)
				InitializePlatformSupportModulesInManaged (26ms)
				SetLoadedEditorAssemblies (3ms)
				RefreshPlugins (1ms)
				BeforeProcessingInitializeOnLoad (408ms)
				ProcessInitializeOnLoadAttributes (1273ms)
				ProcessInitializeOnLoadMethodAttributes (59ms)
				AfterProcessingInitializeOnLoad (3ms)
				EditorAssembliesLoaded (1ms)
			ExecutionOrderSort2 (0ms)
			AwakeInstancesAfterBackupRestoration (56ms)
Platform modules already initialized, skipping
Refreshing native plugins compatible for Editor in 0.57 ms, found 3 plugins.
Preloading 0 native plugins for Editor in 0.00 ms.
Unloading 2210 Unused Serialized files (Serialized files now loaded: 0)
System memory in use before: 97.1 MB.
System memory in use after: 97.2 MB.

Unloading 17 unused Assets to reduce memory usage. Loaded Objects now: 2715.
Total: 3.950042 ms (FindLiveObjects: 0.260833 ms CreateObjectMapping: 0.113792 ms MarkObjects: 3.519500 ms  DeleteObjects: 0.028542 ms)

AssetImportParameters requested are different than current active one (requested -> active):
  custom:framework-win-MediaFoundation: 216162199b28c13a410421893ffa2e32 -> 
  custom:video-decoder-ogg-theora: a1e56fd34408186e4bbccfd4996cb3dc -> 
  custom:container-muxer-webm: aa71ff27fc2769a1b78a27578f13a17b -> 
  custom:container-demuxer-webm: 4f35f7cbe854078d1ac9338744f61a02 -> 
  custom:container-demuxer-ogg: 62fdf1f143b41e24485cea50d1cbac27 -> 
  custom:video-encoder-webm-vp8: eb34c28f22e8b96e1ab97ce403110664 -> 
  custom:video-decoder-webm-vp8: 9c59270c3fd7afecdb556c50c9e8de78 -> 
  custom:audio-decoder-ogg-vorbis: bf7c407c2cedff20999df2af8eb42d56 -> 
  custom:audio-encoder-webm-vorbis: bf7c407c2cedff20999df2af8eb42d56 -> 
========================================================================
Received Prepare
Registering precompiled user dll's ...
Registered in 0.004490 seconds.
Begin MonoManager ReloadAssembly
Native extension for WindowsStandalone target not found
Refreshing native plugins compatible for Editor in 0.68 ms, found 3 plugins.
Preloading 0 native plugins for Editor in 0.00 ms.
Mono: successfully reloaded assembly
- Completed reload, in  3.025 seconds
Domain Reload Profiling:
	ReloadAssembly (3027ms)
		BeginReloadAssembly (326ms)
			ExecutionOrderSort (0ms)
			DisableScriptedObjects (35ms)
			BackupInstance (0ms)
			ReleaseScriptingObjects (0ms)
			CreateAndSetChildDomain (73ms)
		EndReloadAssembly (2553ms)
			LoadAssemblies (319ms)
			RebuildTransferFunctionScriptingTraits (0ms)
			SetupTypeCache (397ms)
			ReleaseScriptCaches (1ms)
			RebuildScriptCaches (52ms)
			SetupLoadedEditorAssemblies (1516ms)
				LogAssemblyErrors (0ms)
				InitializePlatformSupportModulesInManaged (41ms)
				SetLoadedEditorAssemblies (4ms)
				RefreshPlugins (1ms)
				BeforeProcessingInitializeOnLoad (260ms)
				ProcessInitializeOnLoadAttributes (1137ms)
				ProcessInitializeOnLoadMethodAttributes (69ms)
				AfterProcessingInitializeOnLoad (4ms)
				EditorAssembliesLoaded (1ms)
			ExecutionOrderSort2 (0ms)
			AwakeInstancesAfterBackupRestoration (56ms)
Platform modules already initialized, skipping
Refreshing native plugins compatible for Editor in 0.58 ms, found 3 plugins.
Preloading 0 native plugins for Editor in 0.00 ms.
Unloading 2210 Unused Serialized files (Serialized files now loaded: 0)
System memory in use before: 97.1 MB.
System memory in use after: 97.3 MB.

Unloading 17 unused Assets to reduce memory usage. Loaded Objects now: 2717.
Total: 4.157292 ms (FindLiveObjects: 0.384750 ms CreateObjectMapping: 0.130167 ms MarkObjects: 3.556542 ms  DeleteObjects: 0.039583 ms)

AssetImportParameters requested are different than current active one (requested -> active):
  custom:framework-win-MediaFoundation: 216162199b28c13a410421893ffa2e32 -> 
  custom:video-decoder-ogg-theora: a1e56fd34408186e4bbccfd4996cb3dc -> 
  custom:container-muxer-webm: aa71ff27fc2769a1b78a27578f13a17b -> 
  custom:container-demuxer-webm: 4f35f7cbe854078d1ac9338744f61a02 -> 
  custom:container-demuxer-ogg: 62fdf1f143b41e24485cea50d1cbac27 -> 
  custom:video-encoder-webm-vp8: eb34c28f22e8b96e1ab97ce403110664 -> 
  custom:video-decoder-webm-vp8: 9c59270c3fd7afecdb556c50c9e8de78 -> 
  custom:audio-decoder-ogg-vorbis: bf7c407c2cedff20999df2af8eb42d56 -> 
  custom:audio-encoder-webm-vorbis: bf7c407c2cedff20999df2af8eb42d56 -> 
========================================================================
Received Import Request.
  Time since last request: 974.556434 seconds.
  path: ProjectSettings/TagManager.asset
  artifactKey: Guid(00000000000000003000000000000000) Importer(815301076,1909f56bfc062723c751e8b465ee728b)
Start importing ProjectSettings/TagManager.asset using Guid(00000000000000003000000000000000) Importer(815301076,1909f56bfc062723c751e8b465ee728b)  -> (artifact id: '24ae8f58307fd12c85f38e95d4e23abb') in 0.041730 seconds 
  Import took 0.047961 seconds .

========================================================================
Received Prepare
Registering precompiled user dll's ...
Registered in 0.004268 seconds.
Begin MonoManager ReloadAssembly
Native extension for WindowsStandalone target not found
Refreshing native plugins compatible for Editor in 0.64 ms, found 3 plugins.
Preloading 0 native plugins for Editor in 0.00 ms.
Mono: successfully reloaded assembly
- Completed reload, in  3.615 seconds
Domain Reload Profiling:
	ReloadAssembly (3618ms)
		BeginReloadAssembly (395ms)
			ExecutionOrderSort (0ms)
			DisableScriptedObjects (41ms)
			BackupInstance (0ms)
			ReleaseScriptingObjects (0ms)
			CreateAndSetChildDomain (87ms)
		EndReloadAssembly (3076ms)
			LoadAssemblies (363ms)
			RebuildTransferFunctionScriptingTraits (0ms)
			SetupTypeCache (383ms)
			ReleaseScriptCaches (1ms)
			RebuildScriptCaches (54ms)
			SetupLoadedEditorAssemblies (1910ms)
				LogAssemblyErrors (0ms)
				InitializePlatformSupportModulesInManaged (37ms)
				SetLoadedEditorAssemblies (3ms)
				RefreshPlugins (1ms)
				BeforeProcessingInitializeOnLoad (314ms)
				ProcessInitializeOnLoadAttributes (1480ms)
				ProcessInitializeOnLoadMethodAttributes (72ms)
				AfterProcessingInitializeOnLoad (3ms)
				EditorAssembliesLoaded (1ms)
			ExecutionOrderSort2 (0ms)
			AwakeInstancesAfterBackupRestoration (54ms)
Platform modules already initialized, skipping
Refreshing native plugins compatible for Editor in 0.61 ms, found 3 plugins.
Preloading 0 native plugins for Editor in 0.01 ms.
Unloading 2210 Unused Serialized files (Serialized files now loaded: 0)
System memory in use before: 97.1 MB.
System memory in use after: 97.4 MB.

Unloading 18 unused Assets to reduce memory usage. Loaded Objects now: 2719.
Total: 6.518958 ms (FindLiveObjects: 0.323583 ms CreateObjectMapping: 2.384333 ms MarkObjects: 3.442958 ms  DeleteObjects: 0.033333 ms)

AssetImportParameters requested are different than current active one (requested -> active):
  custom:framework-win-MediaFoundation: 216162199b28c13a410421893ffa2e32 -> 
  custom:video-decoder-ogg-theora: a1e56fd34408186e4bbccfd4996cb3dc -> 
  custom:container-muxer-webm: aa71ff27fc2769a1b78a27578f13a17b -> 
  custom:container-demuxer-webm: 4f35f7cbe854078d1ac9338744f61a02 -> 
  custom:container-demuxer-ogg: 62fdf1f143b41e24485cea50d1cbac27 -> 
  custom:video-encoder-webm-vp8: eb34c28f22e8b96e1ab97ce403110664 -> 
  custom:video-decoder-webm-vp8: 9c59270c3fd7afecdb556c50c9e8de78 -> 
  custom:audio-decoder-ogg-vorbis: bf7c407c2cedff20999df2af8eb42d56 -> 
  custom:audio-encoder-webm-vorbis: bf7c407c2cedff20999df2af8eb42d56 -> 
========================================================================
Received Prepare
Registering precompiled user dll's ...
Registered in 0.004248 seconds.
Begin MonoManager ReloadAssembly
Native extension for WindowsStandalone target not found
Refreshing native plugins compatible for Editor in 0.61 ms, found 3 plugins.
Preloading 0 native plugins for Editor in 0.01 ms.
Mono: successfully reloaded assembly
- Completed reload, in  4.104 seconds
Domain Reload Profiling:
	ReloadAssembly (4106ms)
		BeginReloadAssembly (403ms)
			ExecutionOrderSort (0ms)
			DisableScriptedObjects (46ms)
			BackupInstance (0ms)
			ReleaseScriptingObjects (0ms)
			CreateAndSetChildDomain (96ms)
		EndReloadAssembly (3470ms)
			LoadAssemblies (361ms)
			RebuildTransferFunctionScriptingTraits (0ms)
			SetupTypeCache (413ms)
			ReleaseScriptCaches (1ms)
			RebuildScriptCaches (65ms)
			SetupLoadedEditorAssemblies (2185ms)
				LogAssemblyErrors (0ms)
				InitializePlatformSupportModulesInManaged (44ms)
				SetLoadedEditorAssemblies (5ms)
				RefreshPlugins (1ms)
				BeforeProcessingInitializeOnLoad (464ms)
				ProcessInitializeOnLoadAttributes (1601ms)
				ProcessInitializeOnLoadMethodAttributes (65ms)
				AfterProcessingInitializeOnLoad (4ms)
				EditorAssembliesLoaded (2ms)
			ExecutionOrderSort2 (0ms)
			AwakeInstancesAfterBackupRestoration (55ms)
Platform modules already initialized, skipping
Script error: OnCollisionStay2D
This message parameter has to be of type: Collision2D
The message will be ignored.
Refreshing native plugins compatible for Editor in 0.69 ms, found 3 plugins.
Preloading 0 native plugins for Editor in 0.02 ms.
Unloading 2210 Unused Serialized files (Serialized files now loaded: 0)
System memory in use before: 97.3 MB.
System memory in use after: 97.5 MB.

Unloading 17 unused Assets to reduce memory usage. Loaded Objects now: 2721.
Total: 4.726917 ms (FindLiveObjects: 0.316583 ms CreateObjectMapping: 0.129250 ms MarkObjects: 4.190667 ms  DeleteObjects: 0.045042 ms)

AssetImportParameters requested are different than current active one (requested -> active):
  custom:framework-win-MediaFoundation: 216162199b28c13a410421893ffa2e32 -> 
  custom:video-decoder-ogg-theora: a1e56fd34408186e4bbccfd4996cb3dc -> 
  custom:container-muxer-webm: aa71ff27fc2769a1b78a27578f13a17b -> 
  custom:container-demuxer-webm: 4f35f7cbe854078d1ac9338744f61a02 -> 
  custom:container-demuxer-ogg: 62fdf1f143b41e24485cea50d1cbac27 -> 
  custom:video-encoder-webm-vp8: eb34c28f22e8b96e1ab97ce403110664 -> 
  custom:video-decoder-webm-vp8: 9c59270c3fd7afecdb556c50c9e8de78 -> 
  custom:audio-decoder-ogg-vorbis: bf7c407c2cedff20999df2af8eb42d56 -> 
  custom:audio-encoder-webm-vorbis: bf7c407c2cedff20999df2af8eb42d56 -> 
========================================================================
Received Import Request.
  Time since last request: 583.183081 seconds.
  path: Assets/scripts/Player.cs
  artifactKey: Guid(9f2c7ccd75967b34eb7f3054d3d172ab) Importer(815301076,1909f56bfc062723c751e8b465ee728b)
Start importing Assets/scripts/Player.cs using Guid(9f2c7ccd75967b34eb7f3054d3d172ab) Importer(815301076,1909f56bfc062723c751e8b465ee728b)  -> (artifact id: '9e208333322b9b6718a34cd4fff4df99') in 0.012103 seconds 
  Import took 0.016479 seconds .

========================================================================
Received Import Request.
  Time since last request: 49.389916 seconds.
  path: Assets/scripts/Playhp.cs
  artifactKey: Guid(9f2c7ccd75967b34eb7f3054d3d172ab) Importer(815301076,1909f56bfc062723c751e8b465ee728b)
Start importing Assets/scripts/Playhp.cs using Guid(9f2c7ccd75967b34eb7f3054d3d172ab) Importer(815301076,1909f56bfc062723c751e8b465ee728b)  -> (artifact id: '0f40c31b40d1e458aaf060cb2e017bd5') in 0.031705 seconds 
  Import took 0.039570 seconds .

========================================================================
Received Import Request.
  Time since last request: 2.971492 seconds.
  path: Assets/scripts/Health.cs
  artifactKey: Guid(34dadcdca4898224a928d60698b342cd) Importer(815301076,1909f56bfc062723c751e8b465ee728b)
Start importing Assets/scripts/Health.cs using Guid(34dadcdca4898224a928d60698b342cd) Importer(815301076,1909f56bfc062723c751e8b465ee728b)  -> (artifact id: 'd3b658243ace334243a3e50c49f9a20f') in 0.013709 seconds 
  Import took 0.018833 seconds .

========================================================================
Received Import Request.
  Time since last request: 13.636637 seconds.
  path: Assets/scripts/Playhp.cs
  artifactKey: Guid(9f2c7ccd75967b34eb7f3054d3d172ab) Importer(815301076,1909f56bfc062723c751e8b465ee728b)
Start importing Assets/scripts/Playhp.cs using Guid(9f2c7ccd75967b34eb7f3054d3d172ab) Importer(815301076,1909f56bfc062723c751e8b465ee728b)  -> (artifact id: 'fd713dc510e3123887f252112965e437') in 0.018050 seconds 
  Import took 0.025396 seconds .

========================================================================
Received Prepare
Registering precompiled user dll's ...
Registered in 0.005020 seconds.
Begin MonoManager ReloadAssembly
Native extension for WindowsStandalone target not found
Refreshing native plugins compatible for Editor in 0.57 ms, found 3 plugins.
Preloading 0 native plugins for Editor in 0.01 ms.
Mono: successfully reloaded assembly
- Completed reload, in  3.496 seconds
Domain Reload Profiling:
	ReloadAssembly (3499ms)
		BeginReloadAssembly (384ms)
			ExecutionOrderSort (0ms)
			DisableScriptedObjects (43ms)
			BackupInstance (0ms)
			ReleaseScriptingObjects (0ms)
			CreateAndSetChildDomain (88ms)
		EndReloadAssembly (2978ms)
			LoadAssemblies (336ms)
			RebuildTransferFunctionScriptingTraits (0ms)
			SetupTypeCache (380ms)
			ReleaseScriptCaches (2ms)
			RebuildScriptCaches (81ms)
			SetupLoadedEditorAssemblies (1846ms)
				LogAssemblyErrors (0ms)
				InitializePlatformSupportModulesInManaged (26ms)
				SetLoadedEditorAssemblies (5ms)
				RefreshPlugins (1ms)
				BeforeProcessingInitializeOnLoad (376ms)
				ProcessInitializeOnLoadAttributes (1374ms)
				ProcessInitializeOnLoadMethodAttributes (61ms)
				AfterProcessingInitializeOnLoad (3ms)
				EditorAssembliesLoaded (1ms)
			ExecutionOrderSort2 (0ms)
			AwakeInstancesAfterBackupRestoration (57ms)
Platform modules already initialized, skipping
Script error: OnCollisionStay2D
This message parameter has to be of type: Collision2D
The message will be ignored.
Refreshing native plugins compatible for Editor in 0.65 ms, found 3 plugins.
Preloading 0 native plugins for Editor in 0.01 ms.
Unloading 2210 Unused Serialized files (Serialized files now loaded: 0)
System memory in use before: 97.3 MB.
System memory in use after: 97.5 MB.

Unloading 17 unused Assets to reduce memory usage. Loaded Objects now: 2723.
Total: 4.545833 ms (FindLiveObjects: 0.292375 ms CreateObjectMapping: 0.211708 ms MarkObjects: 3.933708 ms  DeleteObjects: 0.045125 ms)

AssetImportParameters requested are different than current active one (requested -> active):
  custom:framework-win-MediaFoundation: 216162199b28c13a410421893ffa2e32 -> 
  custom:video-decoder-ogg-theora: a1e56fd34408186e4bbccfd4996cb3dc -> 
  custom:container-muxer-webm: aa71ff27fc2769a1b78a27578f13a17b -> 
  custom:container-demuxer-webm: 4f35f7cbe854078d1ac9338744f61a02 -> 
  custom:container-demuxer-ogg: 62fdf1f143b41e24485cea50d1cbac27 -> 
  custom:video-encoder-webm-vp8: eb34c28f22e8b96e1ab97ce403110664 -> 
  custom:video-decoder-webm-vp8: 9c59270c3fd7afecdb556c50c9e8de78 -> 
  custom:audio-decoder-ogg-vorbis: bf7c407c2cedff20999df2af8eb42d56 -> 
  custom:audio-encoder-webm-vorbis: bf7c407c2cedff20999df2af8eb42d56 -> 
========================================================================
Received Prepare
Registering precompiled user dll's ...
Registered in 0.006065 seconds.
Begin MonoManager ReloadAssembly
Native extension for WindowsStandalone target not found
Refreshing native plugins compatible for Editor in 0.59 ms, found 3 plugins.
Preloading 0 native plugins for Editor in 0.00 ms.
Mono: successfully reloaded assembly
- Completed reload, in  3.652 seconds
Domain Reload Profiling:
	ReloadAssembly (3654ms)
		BeginReloadAssembly (502ms)
			ExecutionOrderSort (0ms)
			DisableScriptedObjects (44ms)
			BackupInstance (0ms)
			ReleaseScriptingObjects (0ms)
			CreateAndSetChildDomain (120ms)
		EndReloadAssembly (2973ms)
			LoadAssemblies (427ms)
			RebuildTransferFunctionScriptingTraits (0ms)
			SetupTypeCache (412ms)
			ReleaseScriptCaches (3ms)
			RebuildScriptCaches (55ms)
			SetupLoadedEditorAssemblies (1705ms)
				LogAssemblyErrors (0ms)
				InitializePlatformSupportModulesInManaged (34ms)
				SetLoadedEditorAssemblies (2ms)
				RefreshPlugins (1ms)
				BeforeProcessingInitializeOnLoad (295ms)
				ProcessInitializeOnLoadAttributes (1290ms)
				ProcessInitializeOnLoadMethodAttributes (79ms)
				AfterProcessingInitializeOnLoad (3ms)
				EditorAssembliesLoaded (1ms)
			ExecutionOrderSort2 (0ms)
			AwakeInstancesAfterBackupRestoration (56ms)
Platform modules already initialized, skipping
Script error: OnCollisionStay2D
This message parameter has to be of type: Collision2D
The message will be ignored.
Refreshing native plugins compatible for Editor in 0.73 ms, found 3 plugins.
Preloading 0 native plugins for Editor in 0.00 ms.
Unloading 2210 Unused Serialized files (Serialized files now loaded: 0)
System memory in use before: 97.3 MB.
System memory in use after: 97.5 MB.

Unloading 17 unused Assets to reduce memory usage. Loaded Objects now: 2725.
Total: 4.166500 ms (FindLiveObjects: 0.396542 ms CreateObjectMapping: 0.126042 ms MarkObjects: 3.544625 ms  DeleteObjects: 0.041208 ms)

AssetImportParameters requested are different than current active one (requested -> active):
  custom:framework-win-MediaFoundation: 216162199b28c13a410421893ffa2e32 -> 
  custom:video-decoder-ogg-theora: a1e56fd34408186e4bbccfd4996cb3dc -> 
  custom:container-muxer-webm: aa71ff27fc2769a1b78a27578f13a17b -> 
  custom:container-demuxer-webm: 4f35f7cbe854078d1ac9338744f61a02 -> 
  custom:container-demuxer-ogg: 62fdf1f143b41e24485cea50d1cbac27 -> 
  custom:video-encoder-webm-vp8: eb34c28f22e8b96e1ab97ce403110664 -> 
  custom:video-decoder-webm-vp8: 9c59270c3fd7afecdb556c50c9e8de78 -> 
  custom:audio-decoder-ogg-vorbis: bf7c407c2cedff20999df2af8eb42d56 -> 
  custom:audio-encoder-webm-vorbis: bf7c407c2cedff20999df2af8eb42d56 -> 
========================================================================
Received Prepare
Registering precompiled user dll's ...
Registered in 0.004430 seconds.
Begin MonoManager ReloadAssembly
Native extension for WindowsStandalone target not found
Refreshing native plugins compatible for Editor in 0.61 ms, found 3 plugins.
Preloading 0 native plugins for Editor in 0.00 ms.
Mono: successfully reloaded assembly
- Completed reload, in  3.497 seconds
Domain Reload Profiling:
	ReloadAssembly (3499ms)
		BeginReloadAssembly (434ms)
			ExecutionOrderSort (0ms)
			DisableScriptedObjects (52ms)
			BackupInstance (0ms)
			ReleaseScriptingObjects (0ms)
			CreateAndSetChildDomain (98ms)
		EndReloadAssembly (2922ms)
			LoadAssemblies (359ms)
			RebuildTransferFunctionScriptingTraits (0ms)
			SetupTypeCache (380ms)
			ReleaseScriptCaches (1ms)
			RebuildScriptCaches (67ms)
			SetupLoadedEditorAssemblies (1817ms)
				LogAssemblyErrors (0ms)
				InitializePlatformSupportModulesInManaged (33ms)
				SetLoadedEditorAssemblies (2ms)
				RefreshPlugins (1ms)
				BeforeProcessingInitializeOnLoad (320ms)
				ProcessInitializeOnLoadAttributes (1377ms)
				ProcessInitializeOnLoadMethodAttributes (80ms)
				AfterProcessingInitializeOnLoad (3ms)
				EditorAssembliesLoaded (1ms)
			ExecutionOrderSort2 (0ms)
			AwakeInstancesAfterBackupRestoration (63ms)
Platform modules already initialized, skipping
Script error: OnCollisionStay2D
This message parameter has to be of type: Collision2D
The message will be ignored.
Refreshing native plugins compatible for Editor in 0.58 ms, found 3 plugins.
Preloading 0 native plugins for Editor in 0.00 ms.
Unloading 2210 Unused Serialized files (Serialized files now loaded: 0)
System memory in use before: 97.3 MB.
System memory in use after: 97.5 MB.

Unloading 17 unused Assets to reduce memory usage. Loaded Objects now: 2727.
Total: 5.645708 ms (FindLiveObjects: 0.328000 ms CreateObjectMapping: 0.195375 ms MarkObjects: 5.043042 ms  DeleteObjects: 0.042917 ms)

AssetImportParameters requested are different than current active one (requested -> active):
  custom:framework-win-MediaFoundation: 216162199b28c13a410421893ffa2e32 -> 
  custom:video-decoder-ogg-theora: a1e56fd34408186e4bbccfd4996cb3dc -> 
  custom:container-muxer-webm: aa71ff27fc2769a1b78a27578f13a17b -> 
  custom:container-demuxer-webm: 4f35f7cbe854078d1ac9338744f61a02 -> 
  custom:container-demuxer-ogg: 62fdf1f143b41e24485cea50d1cbac27 -> 
  custom:video-encoder-webm-vp8: eb34c28f22e8b96e1ab97ce403110664 -> 
  custom:video-decoder-webm-vp8: 9c59270c3fd7afecdb556c50c9e8de78 -> 
  custom:audio-decoder-ogg-vorbis: bf7c407c2cedff20999df2af8eb42d56 -> 
  custom:audio-encoder-webm-vorbis: bf7c407c2cedff20999df2af8eb42d56 -> 
========================================================================
Received Prepare
Registering precompiled user dll's ...
Registered in 0.004425 seconds.
Begin MonoManager ReloadAssembly
Native extension for WindowsStandalone target not found
Refreshing native plugins compatible for Editor in 0.56 ms, found 3 plugins.
Preloading 0 native plugins for Editor in 0.01 ms.
Mono: successfully reloaded assembly
- Completed reload, in  3.489 seconds
Domain Reload Profiling:
	ReloadAssembly (3491ms)
		BeginReloadAssembly (344ms)
			ExecutionOrderSort (0ms)
			DisableScriptedObjects (43ms)
			BackupInstance (0ms)
			ReleaseScriptingObjects (0ms)
			CreateAndSetChildDomain (77ms)
		EndReloadAssembly (2930ms)
			LoadAssemblies (286ms)
			RebuildTransferFunctionScriptingTraits (0ms)
			SetupTypeCache (378ms)
			ReleaseScriptCaches (1ms)
			RebuildScriptCaches (53ms)
			SetupLoadedEditorAssemblies (1821ms)
				LogAssemblyErrors (0ms)
				InitializePlatformSupportModulesInManaged (37ms)
				SetLoadedEditorAssemblies (3ms)
				RefreshPlugins (1ms)
				BeforeProcessingInitializeOnLoad (319ms)
				ProcessInitializeOnLoadAttributes (1382ms)
				ProcessInitializeOnLoadMethodAttributes (75ms)
				AfterProcessingInitializeOnLoad (3ms)
				EditorAssembliesLoaded (1ms)
			ExecutionOrderSort2 (0ms)
			AwakeInstancesAfterBackupRestoration (74ms)
Platform modules already initialized, skipping
Script error: OnCollisionStay2D
This message parameter has to be of type: Collision2D
The message will be ignored.
Refreshing native plugins compatible for Editor in 0.59 ms, found 3 plugins.
Preloading 0 native plugins for Editor in 0.00 ms.
Unloading 2210 Unused Serialized files (Serialized files now loaded: 0)
System memory in use before: 97.3 MB.
System memory in use after: 97.5 MB.

Unloading 17 unused Assets to reduce memory usage. Loaded Objects now: 2729.
Total: 5.699958 ms (FindLiveObjects: 0.295000 ms CreateObjectMapping: 0.145250 ms MarkObjects: 5.141417 ms  DeleteObjects: 0.055250 ms)

AssetImportParameters requested are different than current active one (requested -> active):
  custom:framework-win-MediaFoundation: 216162199b28c13a410421893ffa2e32 -> 
  custom:video-decoder-ogg-theora: a1e56fd34408186e4bbccfd4996cb3dc -> 
  custom:container-muxer-webm: aa71ff27fc2769a1b78a27578f13a17b -> 
  custom:container-demuxer-webm: 4f35f7cbe854078d1ac9338744f61a02 -> 
  custom:container-demuxer-ogg: 62fdf1f143b41e24485cea50d1cbac27 -> 
  custom:video-encoder-webm-vp8: eb34c28f22e8b96e1ab97ce403110664 -> 
  custom:video-decoder-webm-vp8: 9c59270c3fd7afecdb556c50c9e8de78 -> 
  custom:audio-decoder-ogg-vorbis: bf7c407c2cedff20999df2af8eb42d56 -> 
  custom:audio-encoder-webm-vorbis: bf7c407c2cedff20999df2af8eb42d56 -> 
========================================================================
Received Prepare
Registering precompiled user dll's ...
Registered in 0.007157 seconds.
Begin MonoManager ReloadAssembly
Native extension for WindowsStandalone target not found
Refreshing native plugins compatible for Editor in 0.56 ms, found 3 plugins.
Preloading 0 native plugins for Editor in 0.00 ms.
Mono: successfully reloaded assembly
- Completed reload, in  3.864 seconds
Domain Reload Profiling:
	ReloadAssembly (3866ms)
		BeginReloadAssembly (554ms)
			ExecutionOrderSort (0ms)
			DisableScriptedObjects (64ms)
			BackupInstance (0ms)
			ReleaseScriptingObjects (0ms)
			CreateAndSetChildDomain (92ms)
		EndReloadAssembly (3146ms)
			LoadAssemblies (509ms)
			RebuildTransferFunctionScriptingTraits (0ms)
			SetupTypeCache (443ms)
			ReleaseScriptCaches (1ms)
			RebuildScriptCaches (97ms)
			SetupLoadedEditorAssemblies (1558ms)
				LogAssemblyErrors (0ms)
				InitializePlatformSupportModulesInManaged (122ms)
				SetLoadedEditorAssemblies (4ms)
				RefreshPlugins (1ms)
				BeforeProcessingInitializeOnLoad (248ms)
				ProcessInitializeOnLoadAttributes (1104ms)
				ProcessInitializeOnLoadMethodAttributes (75ms)
				AfterProcessingInitializeOnLoad (4ms)
				EditorAssembliesLoaded (1ms)
			ExecutionOrderSort2 (0ms)
			AwakeInstancesAfterBackupRestoration (54ms)
Platform modules already initialized, skipping
Script error: OnCollisionStay2D
This message parameter has to be of type: Collision2D
The message will be ignored.
Refreshing native plugins compatible for Editor in 0.65 ms, found 3 plugins.
Preloading 0 native plugins for Editor in 0.00 ms.
Unloading 2210 Unused Serialized files (Serialized files now loaded: 0)
System memory in use before: 97.3 MB.
System memory in use after: 97.5 MB.

Unloading 17 unused Assets to reduce memory usage. Loaded Objects now: 2731.
Total: 4.036833 ms (FindLiveObjects: 0.247875 ms CreateObjectMapping: 0.121667 ms MarkObjects: 3.598833 ms  DeleteObjects: 0.045417 ms)

AssetImportParameters requested are different than current active one (requested -> active):
  custom:framework-win-MediaFoundation: 216162199b28c13a410421893ffa2e32 -> 
  custom:video-decoder-ogg-theora: a1e56fd34408186e4bbccfd4996cb3dc -> 
  custom:container-muxer-webm: aa71ff27fc2769a1b78a27578f13a17b -> 
  custom:container-demuxer-webm: 4f35f7cbe854078d1ac9338744f61a02 -> 
  custom:container-demuxer-ogg: 62fdf1f143b41e24485cea50d1cbac27 -> 
  custom:video-encoder-webm-vp8: eb34c28f22e8b96e1ab97ce403110664 -> 
  custom:video-decoder-webm-vp8: 9c59270c3fd7afecdb556c50c9e8de78 -> 
  custom:audio-decoder-ogg-vorbis: bf7c407c2cedff20999df2af8eb42d56 -> 
  custom:audio-encoder-webm-vorbis: bf7c407c2cedff20999df2af8eb42d56 -> 
========================================================================
Received Prepare
Registering precompiled user dll's ...
Registered in 0.007477 seconds.
Begin MonoManager ReloadAssembly
Native extension for WindowsStandalone target not found
Refreshing native plugins compatible for Editor in 0.52 ms, found 3 plugins.
Preloading 0 native plugins for Editor in 0.00 ms.
Mono: successfully reloaded assembly
- Completed reload, in  4.282 seconds
Domain Reload Profiling:
	ReloadAssembly (4285ms)
		BeginReloadAssembly (444ms)
			ExecutionOrderSort (0ms)
			DisableScriptedObjects (50ms)
			BackupInstance (0ms)
			ReleaseScriptingObjects (0ms)
			CreateAndSetChildDomain (101ms)
		EndReloadAssembly (3712ms)
			LoadAssemblies (395ms)
			RebuildTransferFunctionScriptingTraits (0ms)
			SetupTypeCache (397ms)
			ReleaseScriptCaches (1ms)
			RebuildScriptCaches (55ms)
			SetupLoadedEditorAssemblies (2599ms)
				LogAssemblyErrors (0ms)
				InitializePlatformSupportModulesInManaged (28ms)
				SetLoadedEditorAssemblies (3ms)
				RefreshPlugins (1ms)
				BeforeProcessingInitializeOnLoad (397ms)
				ProcessInitializeOnLoadAttributes (2070ms)
				ProcessInitializeOnLoadMethodAttributes (92ms)
				AfterProcessingInitializeOnLoad (7ms)
				EditorAssembliesLoaded (1ms)
			ExecutionOrderSort2 (0ms)
			AwakeInstancesAfterBackupRestoration (61ms)
Platform modules already initialized, skipping
Script error: OnCollisionStay2D
This message parameter has to be of type: Collision2D
The message will be ignored.
Refreshing native plugins compatible for Editor in 0.58 ms, found 3 plugins.
Preloading 0 native plugins for Editor in 0.00 ms.
Unloading 2210 Unused Serialized files (Serialized files now loaded: 0)
System memory in use before: 97.3 MB.
System memory in use after: 97.5 MB.

Unloading 17 unused Assets to reduce memory usage. Loaded Objects now: 2733.
Total: 6.535958 ms (FindLiveObjects: 0.545750 ms CreateObjectMapping: 0.207792 ms MarkObjects: 5.706625 ms  DeleteObjects: 0.048542 ms)

AssetImportParameters requested are different than current active one (requested -> active):
  custom:framework-win-MediaFoundation: 216162199b28c13a410421893ffa2e32 -> 
  custom:video-decoder-ogg-theora: a1e56fd34408186e4bbccfd4996cb3dc -> 
  custom:container-muxer-webm: aa71ff27fc2769a1b78a27578f13a17b -> 
  custom:container-demuxer-webm: 4f35f7cbe854078d1ac9338744f61a02 -> 
  custom:container-demuxer-ogg: 62fdf1f143b41e24485cea50d1cbac27 -> 
  custom:video-encoder-webm-vp8: eb34c28f22e8b96e1ab97ce403110664 -> 
  custom:video-decoder-webm-vp8: 9c59270c3fd7afecdb556c50c9e8de78 -> 
  custom:audio-decoder-ogg-vorbis: bf7c407c2cedff20999df2af8eb42d56 -> 
  custom:audio-encoder-webm-vorbis: bf7c407c2cedff20999df2af8eb42d56 -> 
========================================================================
Received Prepare
Registering precompiled user dll's ...
Registered in 0.004220 seconds.
Begin MonoManager ReloadAssembly
Native extension for WindowsStandalone target not found
Refreshing native plugins compatible for Editor in 0.96 ms, found 3 plugins.
Preloading 0 native plugins for Editor in 0.00 ms.
Mono: successfully reloaded assembly
- Completed reload, in  3.633 seconds
Domain Reload Profiling:
	ReloadAssembly (3636ms)
		BeginReloadAssembly (435ms)
			ExecutionOrderSort (0ms)
			DisableScriptedObjects (61ms)
			BackupInstance (0ms)
			ReleaseScriptingObjects (0ms)
			CreateAndSetChildDomain (94ms)
		EndReloadAssembly (2928ms)
			LoadAssemblies (482ms)
			RebuildTransferFunctionScriptingTraits (0ms)
			SetupTypeCache (380ms)
			ReleaseScriptCaches (1ms)
			RebuildScriptCaches (68ms)
			SetupLoadedEditorAssemblies (1693ms)
				LogAssemblyErrors (0ms)
				InitializePlatformSupportModulesInManaged (25ms)
				SetLoadedEditorAssemblies (2ms)
				RefreshPlugins (1ms)
				BeforeProcessingInitializeOnLoad (327ms)
				ProcessInitializeOnLoadAttributes (1280ms)
				ProcessInitializeOnLoadMethodAttributes (54ms)
				AfterProcessingInitializeOnLoad (3ms)
				EditorAssembliesLoaded (1ms)
			ExecutionOrderSort2 (0ms)
			AwakeInstancesAfterBackupRestoration (38ms)
Platform modules already initialized, skipping
Refreshing native plugins compatible for Editor in 0.61 ms, found 3 plugins.
Preloading 0 native plugins for Editor in 0.00 ms.
Unloading 2210 Unused Serialized files (Serialized files now loaded: 0)
System memory in use before: 97.3 MB.
System memory in use after: 97.5 MB.

Unloading 17 unused Assets to reduce memory usage. Loaded Objects now: 2735.
Total: 4.472417 ms (FindLiveObjects: 0.293958 ms CreateObjectMapping: 0.138083 ms MarkObjects: 3.948333 ms  DeleteObjects: 0.043542 ms)

AssetImportParameters requested are different than current active one (requested -> active):
  custom:framework-win-MediaFoundation: 216162199b28c13a410421893ffa2e32 -> 
  custom:video-decoder-ogg-theora: a1e56fd34408186e4bbccfd4996cb3dc -> 
  custom:container-muxer-webm: aa71ff27fc2769a1b78a27578f13a17b -> 
  custom:container-demuxer-webm: 4f35f7cbe854078d1ac9338744f61a02 -> 
  custom:container-demuxer-ogg: 62fdf1f143b41e24485cea50d1cbac27 -> 
  custom:video-encoder-webm-vp8: eb34c28f22e8b96e1ab97ce403110664 -> 
  custom:video-decoder-webm-vp8: 9c59270c3fd7afecdb556c50c9e8de78 -> 
  custom:audio-decoder-ogg-vorbis: bf7c407c2cedff20999df2af8eb42d56 -> 
  custom:audio-encoder-webm-vorbis: bf7c407c2cedff20999df2af8eb42d56 -> 
========================================================================
Received Prepare
Registering precompiled user dll's ...
Registered in 0.004047 seconds.
Begin MonoManager ReloadAssembly
Native extension for WindowsStandalone target not found
Refreshing native plugins compatible for Editor in 0.50 ms, found 3 plugins.
Preloading 0 native plugins for Editor in 0.00 ms.
Mono: successfully reloaded assembly
- Completed reload, in  2.439 seconds
Domain Reload Profiling:
	ReloadAssembly (2442ms)
		BeginReloadAssembly (292ms)
			ExecutionOrderSort (0ms)
			DisableScriptedObjects (30ms)
			BackupInstance (0ms)
			ReleaseScriptingObjects (0ms)
			CreateAndSetChildDomain (69ms)
		EndReloadAssembly (2047ms)
			LoadAssemblies (248ms)
			RebuildTransferFunctionScriptingTraits (0ms)
			SetupTypeCache (330ms)
			ReleaseScriptCaches (1ms)
			RebuildScriptCaches (50ms)
			SetupLoadedEditorAssemblies (1169ms)
				LogAssemblyErrors (0ms)
				InitializePlatformSupportModulesInManaged (21ms)
				SetLoadedEditorAssemblies (2ms)
				RefreshPlugins (1ms)
				BeforeProcessingInitializeOnLoad (222ms)
				ProcessInitializeOnLoadAttributes (872ms)
				ProcessInitializeOnLoadMethodAttributes (48ms)
				AfterProcessingInitializeOnLoad (3ms)
				EditorAssembliesLoaded (1ms)
			ExecutionOrderSort2 (0ms)
			AwakeInstancesAfterBackupRestoration (35ms)
Platform modules already initialized, skipping
Refreshing native plugins compatible for Editor in 0.95 ms, found 3 plugins.
Preloading 0 native plugins for Editor in 0.01 ms.
Unloading 2210 Unused Serialized files (Serialized files now loaded: 0)
System memory in use before: 97.3 MB.
System memory in use after: 97.5 MB.

Unloading 17 unused Assets to reduce memory usage. Loaded Objects now: 2737.
Total: 3.916917 ms (FindLiveObjects: 0.244000 ms CreateObjectMapping: 0.113000 ms MarkObjects: 3.508042 ms  DeleteObjects: 0.028625 ms)

AssetImportParameters requested are different than current active one (requested -> active):
  custom:framework-win-MediaFoundation: 216162199b28c13a410421893ffa2e32 -> 
  custom:video-decoder-ogg-theora: a1e56fd34408186e4bbccfd4996cb3dc -> 
  custom:container-muxer-webm: aa71ff27fc2769a1b78a27578f13a17b -> 
  custom:container-demuxer-webm: 4f35f7cbe854078d1ac9338744f61a02 -> 
  custom:container-demuxer-ogg: 62fdf1f143b41e24485cea50d1cbac27 -> 
  custom:video-encoder-webm-vp8: eb34c28f22e8b96e1ab97ce403110664 -> 
  custom:video-decoder-webm-vp8: 9c59270c3fd7afecdb556c50c9e8de78 -> 
  custom:audio-decoder-ogg-vorbis: bf7c407c2cedff20999df2af8eb42d56 -> 
  custom:audio-encoder-webm-vorbis: bf7c407c2cedff20999df2af8eb42d56 -> 
AssetImportWorkerClient::OnTransportError - code=2 error=End of file
